HomeTeam_AwayTeam_Match_ID,Date,HomeTeamWinOdd,HomeTeamDrawOdd,HomeTeamLoseOdd,BtsYes,BtsNo,Over_05,Over_15,Over_25,Over_35,Over_45,Over_05,Over_15,Over_25,Over_35,Over_45,HandiCap_min2_W,HandiCap_min1_W,HandiCap_plus1_W,HandiCap_plus2_W,HandiCap_min2_D,HandiCap_min1_D,HandiCap_plus1_D,HandiCap_plus2_D,HandiCap_min2_L,HandiCap_min1_L,HandiCap_plus1_L,HandiCap_plus2_L
germany-argentina-jFEwehyT,13 Jul 2014,2.41,3.25,3.23,2.00,1.73,1.09,1.44,2.37,4.55,9.88,7.00,2.69,1.58,1.18,1.05,9.67,4.24,1.33,1.06,6.83,4.04,4.70,9.33,1.15,1.57,7.08,18.00
brazil-netherlands-hO05jCqp,12 Jul 2014,2.13,3.65,3.38,1.53,2.35,1.03,1.20,1.70,2.63,4.83,11.25,4.37,2.12,1.44,1.17,7.67,3.61,1.31,1.07,6.10,4.05,5.13,9.10,1.22,1.69,6.50,14.67
netherlands-argentina-ptv6iUXH,09 Jul 2014,3.09,3.20,2.52,1.98,1.72,1.08,1.46,2.44,4.51,10.25,7.00,2.65,1.54,1.18,1.05,17.00,6.67,1.52,1.12,9.00,4.45,3.94,7.33,1.07,1.36,4.96,12.33
brazil-germany-GbHo73tP,08 Jul 2014,2.64,3.17,2.95,1.98,1.74,1.08,1.43,2.42,4.56,9.88,7.06,2.73,1.56,1.17,1.05,13.00,5.38,1.39,1.07,7.50,3.96,4.31,8.50,1.10,1.47,6.27,16.67
netherlands-costa-rica-xtQMTjJ9,05 Jul 2014,1.51,4.14,7.26,2.13,1.63,1.05,1.34,2.09,3.74,7.63,9.50,3.15,1.73,1.25,1.08,4.73,2.40,1.09,1.01,4.32,3.41,7.83,11.00,1.49,2.54,16.67,30.00
argentina-belgium-EmxoRQ4R,05 Jul 2014,1.98,3.33,4.26,1.86,1.81,1.06,1.37,2.14,3.90,8.00,8.50,2.95,1.70,1.23,1.07,8.33,3.55,1.21,1.03,5.93,3.64,5.58,11.17,1.21,1.80,9.33,23.33
france-germany-xjc08Nul,04 Jul 2014,2.79,3.11,2.78,1.85,1.88,1.07,1.37,2.21,3.97,8.50,8.13,2.96,1.65,1.23,1.07,14.83,5.70,1.41,1.10,8.17,4.23,4.31,7.83,1.09,1.41,5.76,14.33
belgium-usa-lCoSCg1U,01 Jul 2014,2.00,3.35,4.12,1.95,1.77,1.07,1.38,2.22,4.11,8.63,8.00,2.93,1.64,1.21,1.06,8.33,3.71,1.22,1.03,5.77,3.54,5.43,11.07,1.22,1.79,9.00,22.00
argentina-switzerland-WpM9406A,01 Jul 2014,1.57,4.08,6.36,1.81,1.89,1.04,1.24,1.81,3.00,5.84,10.88,3.80,1.99,1.36,1.12,4.70,2.44,1.12,1.02,4.43,3.58,7.23,14.00,1.47,2.40,13.33,33.00
germany-algeria-ALnODZoO,30 Jun 2014,1.32,5.41,10.20,1.92,1.80,1.02,1.18,1.62,2.58,4.76,13.75,4.40,2.26,1.46,1.17,3.20,1.89,1.05,,4.15,3.59,9.90,,1.76,3.32,19.67,
france-nigeria-xOM55ti4,30 Jun 2014,1.41,4.59,8.85,2.03,1.69,1.03,1.23,1.79,2.88,5.60,11.13,3.89,2.02,1.39,1.13,3.67,2.08,1.06,1.01,4.15,3.49,9.00,11.00,1.64,2.98,19.67,30.00
netherlands-mexico-bB2nY26j,29 Jun 2014,2.15,3.29,3.67,1.84,1.83,1.07,1.35,2.16,3.96,8.00,8.50,3.09,1.67,1.23,1.07,8.90,3.98,1.27,1.05,6.22,3.83,5.10,10.17,1.19,1.68,8.00,19.67
algeria-russia-vDvNFKzT,26 Jun 2014,3.69,3.63,2.01,1.88,1.83,1.06,1.36,2.15,3.83,8.25,8.88,3.03,1.69,1.24,1.07,20.00,8.17,1.76,1.22,10.17,5.33,3.73,5.83,1.05,1.26,3.65,8.33
south-korea-belgium-pjuJG0LM,26 Jun 2014,4.56,3.56,1.84,1.69,2.05,1.04,1.25,1.85,3.05,5.88,11.00,3.83,1.96,1.36,1.12,23.00,9.17,1.95,1.29,11.67,6.05,3.73,5.33,1.02,1.20,3.00,6.40
portugal-ghana-4zpbLO6i,26 Jun 2014,1.76,4.70,3.80,1.39,2.82,1.01,1.12,1.40,2.00,3.25,19.75,6.03,2.90,1.77,1.32,5.17,2.70,1.23,1.05,5.53,4.06,6.03,10.17,1.36,2.03,7.33,17.33
usa-germany-2V5FduUj,26 Jun 2014,8.26,3.07,1.68,1.73,2.00,1.04,1.25,1.88,3.00,5.89,10.00,3.75,1.94,1.35,1.13,35.00,18.00,2.19,1.38,10.00,8.00,3.59,4.85,1.01,1.09,2.60,5.37
ecuador-france-4E8N8oNo,25 Jun 2014,5.56,4.09,1.61,1.61,2.18,1.02,1.17,1.63,2.57,4.46,14.00,4.58,2.25,1.47,1.18,29.00,11.33,2.28,1.44,14.00,7.17,3.71,4.85,1.02,1.13,2.50,4.67
honduras-switzerland-jBKup2po,25 Jun 2014,7.14,4.36,1.49,1.77,1.94,1.02,1.20,1.70,2.63,5.00,13.25,4.31,2.13,1.44,1.16,30.00,14.33,2.66,1.53,10.00,8.33,3.58,4.47,1.01,1.09,2.23,4.07
costa-rica-england-pAychQx5,24 Jun 2014,4.48,3.93,1.77,1.71,2.04,1.03,1.25,1.79,2.94,5.58,11.25,3.76,2.02,1.38,1.13,21.00,8.83,2.03,1.32,11.33,5.97,3.84,5.30,1.03,1.19,2.91,5.87
italy-uruguay-2onhg6Nb,24 Jun 2014,2.52,3.48,2.79,1.68,2.07,1.05,1.28,1.94,3.34,6.49,9.88,3.53,1.87,1.31,1.10,10.50,4.55,1.39,1.10,7.03,4.13,4.50,7.97,1.14,1.54,5.82,13.50
croatia-mexico-f3BvvzIf,23 Jun 2014,2.72,3.44,2.61,1.73,1.97,1.06,1.33,2.03,3.51,7.25,9.13,3.20,1.76,1.27,1.08,13.33,5.70,1.47,1.11,7.67,4.34,4.18,7.57,1.11,1.42,5.10,12.00
australia-spain-dSewayfK,23 Jun 2014,8.22,5.23,1.36,1.65,2.13,1.01,1.12,1.41,2.05,3.29,17.00,6.10,2.82,1.73,1.31,-,16.67,3.07,1.77,-,9.17,4.06,4.22,-,1.07,1.84,3.18
netherlands-chile-viorbe9Q,23 Jun 2014,2.74,3.52,2.57,1.58,2.23,1.04,1.23,1.79,3.00,5.56,10.88,3.89,2.01,1.36,1.13,11.67,5.13,1.46,1.11,7.50,4.34,4.37,7.83,1.12,1.44,5.10,11.83
usa-portugal-Ov7BcLEp,23 Jun 2014,4.63,4.01,1.74,1.72,1.99,1.03,1.23,1.79,2.89,5.53,12.50,3.96,2.01,1.39,1.14,24.00,9.50,2.03,1.33,11.75,6.07,3.70,5.20,1.03,1.19,2.86,5.83
belgium-russia-lOoAIMjA,22 Jun 2014,2.23,3.29,3.45,2.00,1.70,1.09,1.43,2.40,4.54,9.88,7.50,2.78,1.57,1.18,1.05,10.00,4.21,1.26,1.04,6.33,3.75,5.00,10.33,1.18,1.65,8.00,19.67
germany-ghana-WnFq216T,21 Jun 2014,1.33,5.43,9.16,1.76,1.91,1.01,1.15,1.53,2.39,4.06,16.25,4.94,2.47,1.55,1.22,3.13,1.90,1.06,,4.20,3.66,9.67,,1.80,3.17,17.33,
switzerland-france-WQw9kOMN,20 Jun 2014,4.58,3.49,1.86,1.90,1.84,1.06,1.39,2.21,3.93,8.30,8.25,2.85,1.65,1.23,1.07,24.00,10.50,1.91,1.27,11.85,5.97,3.58,5.40,1.04,1.18,3.30,7.15
italy-costa-rica-40Tlfn8h,20 Jun 2014,1.57,4.01,6.48,1.95,1.75,1.05,1.30,2.02,3.48,6.88,9.50,3.36,1.78,1.29,1.09,4.80,2.53,1.10,1.01,4.57,3.31,7.57,19.00,1.44,2.40,15.00,46.00
uruguay-england-AwUpeShn,19 Jun 2014,3.85,3.71,1.94,1.61,2.17,1.03,1.22,1.72,2.85,5.31,11.75,4.08,2.09,1.40,1.15,18.33,8.00,1.82,1.26,10.33,5.52,3.84,5.60,1.05,1.23,3.30,6.92
cameroon-croatia-l68Wudmr,19 Jun 2014,5.62,3.87,1.65,1.86,1.83,1.05,1.29,1.96,3.36,6.63,10.13,3.45,1.85,1.31,1.10,31.50,12.67,2.22,1.39,13.50,6.93,3.45,4.82,1.02,1.13,2.75,5.30
spain-chile-UL3iyY1D,18 Jun 2014,1.58,4.33,5.58,1.64,2.08,1.02,1.18,1.63,2.58,4.59,14.25,4.53,2.26,1.48,1.17,4.70,2.39,1.13,1.02,4.65,3.76,6.92,13.00,1.45,2.36,11.50,26.50
australia-netherlands-rPiZaHvE,18 Jun 2014,13.17,6.43,1.23,2.08,1.66,1.02,1.18,1.60,2.55,4.36,16.50,4.48,2.32,1.49,1.19,,24.33,3.96,1.96,,11.83,3.83,3.95,,1.02,1.66,2.81
russia-south-korea-AXn6J2y4,18 Jun 2014,1.82,3.57,4.64,1.90,1.81,1.06,1.34,2.11,3.60,7.63,9.13,3.09,1.70,1.26,1.08,6.33,3.06,1.17,1.03,5.33,3.53,6.05,11.50,1.30,1.98,10.33,24.50
belgium-algeria-GAm2KrMc,17 Jun 2014,1.34,5.17,10.10,2.02,1.70,1.02,1.20,1.69,2.66,4.72,14.00,4.17,2.15,1.42,1.17,3.33,1.91,1.04,-,4.27,3.53,10.17,-,1.74,3.27,20.67,-
germany-portugal-AXQz4NyH,16 Jun 2014,2.08,3.48,3.64,1.60,2.22,1.04,1.23,1.83,2.88,5.38,10.63,4.01,1.98,1.39,1.14,7.33,3.56,1.25,1.05,5.92,3.86,5.37,10.17,1.23,1.75,7.67,18.00
france-honduras-hzu5j47H,15 Jun 2014,1.27,5.86,12.51,2.29,1.55,1.02,1.21,1.70,2.76,5.18,13.75,4.14,2.12,1.41,1.15,2.93,1.73,1.05,1.01,3.95,3.68,10.25,10.00,1.92,3.67,23.00,35.00
switzerland-ecuador-O0z1iphB,15 Jun 2014,2.45,3.17,3.12,1.81,1.90,1.07,1.36,2.19,4.03,8.38,8.13,3.03,1.66,1.22,1.07,10.50,4.59,1.32,1.06,6.67,4.00,4.63,9.00,1.14,1.54,6.75,16.33
england-italy-WnVtd8wt,15 Jun 2014,2.49,2.98,3.29,1.94,1.75,1.09,1.42,2.42,4.39,10.00,7.00,2.77,1.55,1.19,1.04,13.33,4.96,1.33,1.06,7.50,3.96,4.47,9.17,1.10,1.50,7.00,17.67
spain-netherlands-YgArwfX0,13 Jun 2014,1.84,3.32,5.05,2.08,1.66,1.07,1.41,2.34,4.33,9.50,7.63,2.80,1.59,1.19,1.06,7.33,3.30,1.17,1.03,5.37,3.41,6.13,12.50,1.26,1.94,11.33,29.50
brazil-croatia-zaSenbAE,12 Jun 2014,1.32,5.05,11.77,2.53,1.46,1.05,1.33,2.06,3.64,7.30,9.63,3.23,1.73,1.26,1.08,3.45,1.91,1.03,1.01,4.00,3.43,11.07,10.00,1.70,3.38,27.00,50.00
france-ukraine-CdTGavpN,19 Nov 2013,1.42,4.45,8.33,2.32,1.54,1.05,1.34,2.04,3.29,7.07,9.50,3.18,1.74,1.33,1.08,4.20,2.07,1.04,-,4.20,3.45,9.00,-,1.57,2.83,21.00,-
sweden-portugal-pzcK0KUG,19 Nov 2013,2.88,3.29,2.51,1.84,1.87,1.11,1.35,2.08,3.94,6.91,7.66,3.10,1.71,1.23,1.10,15.00,6.00,1.48,1.11,8.50,4.40,3.87,7.50,1.06,1.36,4.92,12.00
croatia-iceland-8SEnfI7p,19 Nov 2013,1.32,4.74,11.54,2.57,1.46,1.05,1.31,1.99,3.59,7.07,9.57,3.33,1.78,1.27,1.08,3.60,1.94,-,-,4.00,3.28,-,-,1.70,3.26,-,-
romania-greece-jmSKbbaT,19 Nov 2013,2.38,3.17,3.22,2.02,1.69,1.08,1.43,2.37,4.26,9.93,7.50,2.69,1.55,1.21,1.05,11.50,4.69,1.30,1.03,7.00,3.78,4.75,9.50,1.14,1.55,7.25,19.00
greece-romania-CMbC2t04,15 Nov 2013,1.99,3.16,4.27,2.23,1.59,1.10,1.51,2.69,5.00,10.08,6.63,2.47,1.44,1.17,1.11,8.75,3.76,1.17,,5.88,3.43,5.75,,1.21,1.76,11.00,
portugal-sweden-Gf5342Vi,15 Nov 2013,1.60,3.91,6.08,1.97,1.73,1.09,1.31,1.98,3.57,6.88,8.34,3.31,1.78,1.28,1.09,5.30,2.56,1.10,,4.75,3.45,7.00,,1.39,2.26,15.00,
ukraine-france-bJf83Mpb,15 Nov 2013,3.40,3.11,2.31,2.12,1.65,1.11,1.49,2.61,5.11,11.13,6.41,2.51,1.46,1.15,1.04,23.00,8.00,1.58,1.15,11.00,5.00,3.71,6.75,1.01,1.27,4.51,11.00
iceland-croatia-6qbG10FA,15 Nov 2013,4.27,3.28,1.96,2.02,1.67,1.12,1.43,2.42,4.39,9.68,6.53,2.71,1.53,1.17,1.05,-,10.00,1.78,1.22,-,5.75,3.56,5.88,-,1.19,3.54,8.50
belgium-wales-6JoGGaI5,15 Oct 2013,1.18,7.03,15.47,2.53,1.48,1.07,1.20,1.58,2.52,4.36,11.74,4.38,2.31,1.49,1.18,2.48,1.47,,,3.78,4.08,,,2.28,4.68,,
england-poland-4no8SQib,15 Oct 2013,1.31,5.32,10.10,1.97,1.73,1.02,1.24,1.71,2.76,5.16,12.50,3.87,2.08,1.41,1.14,3.38,1.88,1.03,,4.22,3.44,9.50,,1.71,3.29,21.00,
france-finland-lpQwuw1o,15 Oct 2013,1.21,6.53,14.20,2.37,1.52,1.02,1.23,1.63,2.60,4.70,13.33,4.12,2.22,1.45,1.17,2.80,1.55,,,3.78,3.85,,,2.08,4.42,,
san-marino-ukraine-z5U4g2C4,15 Oct 2013,68.00,25.00,1.01,3.50,1.29,,1.02,1.06,1.21,1.57,,21.00,8.38,4.13,2.30,,,,,,,,,,,,
scotland-croatia-0jpVG0Kd,15 Oct 2013,3.54,3.30,2.15,1.84,1.89,1.06,1.37,2.15,3.66,7.55,8.80,3.02,1.66,1.25,1.08,19.00,7.50,1.63,1.17,10.00,4.90,3.75,6.50,1.03,1.28,4.05,9.50
spain-georgia-2mUsvcGi,15 Oct 2013,1.05,15.00,35.00,3.42,1.29,1.01,1.08,1.40,1.78,2.86,21.33,7.68,3.20,1.96,1.38,1.52,1.15,,,4.55,5.75,,,3.97,9.75,,
faroe-islands-austria-4QB1sLUT,15 Oct 2013,10.55,6.13,1.26,2.05,1.68,1.01,1.18,1.55,2.46,4.13,14.67,4.56,2.38,1.51,1.21,,,3.83,1.89,,,3.85,4.17,,,1.63,2.92
italy-armenia-fkDbZYur,15 Oct 2013,1.30,5.49,9.95,2.13,1.63,1.02,1.20,1.65,2.67,4.63,13.00,4.18,2.18,1.45,1.21,3.19,1.82,1.01,,4.17,3.57,11.00,,1.78,3.27,26.00,
sweden-germany-0vOQkIMj,15 Oct 2013,5.48,3.96,1.62,1.67,2.07,1.03,1.19,1.73,2.69,5.06,12.13,4.21,2.08,1.44,1.15,-,11.75,2.22,1.39,-,7.25,3.63,4.88,-,1.12,2.54,4.85
serbia-north-macedonia-SI3vDIJL,15 Oct 2013,1.38,4.45,9.42,2.48,1.48,1.06,1.34,2.07,3.54,6.65,8.75,3.12,1.71,1.29,1.15,4.08,2.03,1.02,,4.25,3.45,10.00,,1.56,2.93,23.00,
bulgaria-czech-republic-SnFYQylL,15 Oct 2013,2.24,3.39,3.25,1.74,1.95,1.10,1.35,2.02,3.48,6.83,8.10,3.19,1.75,1.28,1.09,10.00,4.00,1.30,1.04,6.50,3.78,4.75,9.50,1.15,1.62,7.00,17.00
denmark-malta-xjOKtHm8,15 Oct 2013,1.02,18.67,48.33,4.17,1.21,1.00,1.06,1.25,1.64,2.50,26.00,9.50,3.78,2.17,1.49,1.36,1.09,,,4.80,6.50,,,5.50,12.00,,
latvia-slovakia-UesEEGHs,15 Oct 2013,3.57,3.32,2.11,1.84,1.83,1.06,1.35,2.16,3.57,6.94,8.63,3.04,1.65,1.31,1.15,21.00,7.75,1.67,1.17,11.00,5.05,3.73,6.13,1.02,1.25,3.83,9.00
hungary-andorra-xYE3Iz6q,15 Oct 2013,1.02,20.25,50.50,3.87,1.25,1.00,1.04,1.20,1.57,2.34,26.00,11.17,4.25,2.32,1.55,1.33,1.05,,,5.30,9.00,,,5.45,17.00,,
romania-estonia-xxNExdcF,15 Oct 2013,1.15,7.38,19.25,2.63,1.44,1.02,1.16,1.59,2.46,4.31,14.67,4.72,2.28,1.51,1.19,2.39,1.48,,,3.77,4.05,,,2.33,5.20,,
switzerland-slovenia-Kh6yvUkH,15 Oct 2013,2.10,3.42,3.50,1.73,1.97,1.09,1.31,2.00,3.41,6.75,8.26,3.34,1.76,1.29,1.09,8.00,3.64,1.25,1.02,6.00,3.76,5.20,11.00,1.19,1.70,7.75,19.00
turkey-netherlands-SUNbF5tD,15 Oct 2013,2.71,3.57,2.48,1.60,2.22,1.03,1.25,1.79,2.78,5.53,11.50,3.80,1.99,1.44,1.13,12.75,5.33,1.52,1.13,8.25,4.20,4.20,7.00,1.09,1.41,4.48,10.25
azerbaijan-russia-zkb2dB5o,15 Oct 2013,11.17,4.63,1.32,2.45,1.50,1.04,1.32,1.99,3.18,6.43,10.25,3.30,1.78,1.35,1.10,,26.00,3.24,1.67,,11.00,3.48,3.98,,1.02,1.90,3.65
portugal-luxembourg-63ReqdI7,15 Oct 2013,1.02,17.50,45.50,4.09,1.22,1.00,1.03,1.16,1.58,1.99,20.50,12.05,4.80,2.48,1.76,1.22,1.07,,,6.00,7.50,,,7.50,14.00,,
cyprus-albania-K48LUY6n,15 Oct 2013,3.21,3.22,2.31,1.92,1.77,1.11,1.43,2.29,4.22,9.05,6.91,2.74,1.59,1.20,1.06,21.00,7.25,1.57,1.15,10.00,4.75,3.81,6.75,1.02,1.29,4.40,10.50
spain-belarus-pCJnwHVc,11 Oct 2013,1.08,12.19,35.95,3.50,1.29,1.01,1.07,1.36,1.72,2.58,21.33,8.38,3.32,2.07,1.44,1.42,1.13,,,4.83,6.00,,,4.38,10.25,,
portugal-israel-MFPqnbYl,11 Oct 2013,1.17,7.21,16.56,2.28,1.56,1.01,1.16,1.45,2.24,3.85,15.67,4.95,2.64,1.61,1.23,2.30,1.45,,,4.13,4.16,,,2.29,4.75,,
england-montenegro-nBj3T6xh,11 Oct 2013,1.29,5.27,11.88,2.28,1.56,1.03,1.28,1.73,2.95,4.95,12.00,3.64,2.04,1.37,1.20,3.06,1.71,-,,3.92,3.65,-,,1.90,3.67,-,
germany-ireland-thrhR3rI,11 Oct 2013,1.16,7.72,17.07,2.08,1.66,1.01,1.09,1.37,1.87,2.91,18.00,6.75,3.03,1.87,1.39,1.96,1.35,,,4.10,4.63,,,2.75,5.50,,
greece-slovakia-pO5sKxfK,11 Oct 2013,1.66,3.63,5.71,2.20,1.60,1.06,1.39,2.29,4.19,8.80,8.25,2.85,1.59,1.20,1.06,6.50,2.83,1.12,,5.00,3.38,6.50,,1.30,2.12,13.00,
slovenia-norway-K8lKujL4,11 Oct 2013,2.55,3.28,2.81,1.86,1.83,1.06,1.38,2.17,3.70,6.99,8.25,2.92,1.65,1.28,1.14,12.75,5.17,1.39,1.07,7.75,4.03,4.41,8.50,1.11,1.45,5.75,15.00
sweden-austria-vHNRa2pb,11 Oct 2013,1.77,3.69,4.70,1.84,1.89,1.05,1.33,1.99,3.61,6.69,9.25,3.29,1.78,1.27,1.09,6.63,3.00,1.17,,5.45,3.53,6.13,,1.27,1.95,10.00,
wales-north-macedonia-ARQjCxZR,11 Oct 2013,2.51,3.18,2.93,1.98,1.72,1.12,1.43,2.38,4.47,9.75,6.54,2.69,1.54,1.17,1.05,15.00,5.08,1.36,,8.00,3.78,4.20,,1.08,1.47,6.50,
albania-switzerland-MHETW6Bm,11 Oct 2013,4.53,3.43,1.84,2.07,1.67,1.11,1.41,2.34,4.31,9.30,6.83,2.76,1.56,1.19,1.05,,10.50,1.86,1.23,,5.88,3.51,5.70,,1.17,3.31,7.63
andorra-romania-h2poAwEM,11 Oct 2013,40.75,16.00,1.04,3.58,1.27,1.01,1.09,1.45,2.00,3.00,23.50,7.00,2.83,1.78,1.39,,,9.25,3.85,,,5.75,4.25,,,1.14,1.62
estonia-turkey-z5tGRvqc,11 Oct 2013,9.12,4.71,1.36,2.23,1.58,1.04,1.27,1.86,3.13,6.19,10.43,3.55,1.92,1.35,1.11,,23.00,2.98,1.64,,10.00,3.56,4.25,,1.02,1.96,3.70
luxembourg-russia-CIuazLlq,11 Oct 2013,26.75,11.63,1.07,3.01,1.37,1.01,1.14,1.44,2.23,3.38,21.50,5.20,2.68,1.63,1.38,,,7.83,2.95,,,4.73,3.95,,,1.25,1.93
netherlands-hungary-dQZnKmsl,11 Oct 2013,1.32,5.33,8.60,1.76,1.94,1.01,1.13,1.46,2.23,3.56,15.00,5.25,2.61,1.60,1.33,3.06,1.80,1.04,,4.27,3.83,9.50,,1.80,3.20,17.00,
denmark-italy-WSLTHXA7,11 Oct 2013,2.38,3.36,3.00,1.83,1.86,1.06,1.38,2.15,3.82,8.13,8.38,2.93,1.68,1.25,1.07,11.00,4.65,1.33,1.05,7.00,3.89,4.63,9.00,1.13,1.52,6.38,17.00
ukraine-poland-n7AWqaDq,11 Oct 2013,1.78,3.57,4.59,1.88,1.79,1.10,1.33,2.06,3.83,7.55,7.84,3.20,1.72,1.23,1.07,6.63,3.10,1.15,,5.38,3.54,6.13,,1.29,1.92,10.50,
malta-czech-republic-hAxRiY1Q,11 Oct 2013,12.84,6.52,1.22,2.50,1.50,1.02,1.19,1.64,2.52,4.34,14.00,4.30,2.19,1.54,1.22,,,4.21,2.12,,,3.78,3.85,,,1.59,2.66
croatia-belgium-bLU1UIn5,11 Oct 2013,2.49,3.15,3.02,1.95,1.74,1.07,1.40,2.32,4.05,9.38,7.50,2.78,1.58,1.24,1.05,12.00,4.88,1.32,1.05,7.25,3.93,4.55,9.00,1.12,1.50,6.75,17.00
belarus-france-O2Ijxyo4,10 Sep 2013,6.72,3.74,1.58,2.41,1.51,1.06,1.40,2.33,4.39,9.18,7.88,2.72,1.57,1.18,1.05,,17.00,2.31,1.37,,7.50,3.30,4.70,,1.07,2.60,5.55
iceland-albania-IkROThMh,10 Sep 2013,2.29,3.21,3.30,1.95,1.75,1.07,1.39,2.34,4.26,9.13,7.25,2.78,1.57,1.19,1.06,10.75,4.40,1.29,1.03,6.88,3.75,4.75,10.00,1.14,1.57,7.25,21.00
austria-ireland-2TqIqA96,10 Sep 2013,1.91,3.49,4.12,1.76,1.92,1.05,1.29,1.96,3.45,6.56,9.38,3.40,1.81,1.28,1.10,7.50,3.33,1.20,1.01,5.63,3.66,5.55,12.00,1.22,1.80,8.75,21.00
faroe-islands-germany-2m4LloWu,10 Sep 2013,79.25,22.25,1.02,3.70,1.25,1.00,1.02,1.11,1.32,1.81,34.00,12.50,6.11,3.08,1.94,,,17.00,7.50,,,10.00,6.50,,,1.03,1.22
italy-czech-republic-AomMhEnK,10 Sep 2013,1.65,3.63,6.01,2.18,1.61,1.06,1.36,2.22,4.15,8.63,8.13,2.90,1.62,1.20,1.06,6.05,2.79,1.10,,4.88,3.40,7.00,,1.34,2.17,15.00,
san-marino-poland-6DS3lu5S,10 Sep 2013,70.75,24.50,1.01,2.75,1.40,1.00,1.01,1.09,1.25,1.60,34.00,17.00,6.81,3.70,2.22,,,19.00,7.50,,,11.00,6.50,,,1.03,1.20
ukraine-england-r58yWuqp,10 Sep 2013,2.86,3.03,2.74,1.89,1.82,1.07,1.38,2.32,4.35,8.88,7.38,2.80,1.57,1.19,1.06,17.00,6.00,1.43,1.08,8.50,4.25,3.93,8.00,1.06,1.39,5.50,15.00
wales-serbia-OY6R5zCe,10 Sep 2013,3.68,3.37,2.05,1.89,1.80,1.06,1.36,2.18,3.94,8.50,8.13,2.95,1.64,1.21,1.06,21.00,8.50,1.72,1.18,11.00,5.50,3.63,6.00,1.02,1.22,3.67,9.00
andorra-netherlands-AgNYAJbG,10 Sep 2013,75.75,19.25,1.02,4.00,1.22,1.00,1.02,1.14,1.39,2.00,29.00,12.00,5.19,2.75,1.74,,,19.00,6.88,,,10.00,6.00,,,1.03,1.21
cyprus-slovenia-fFQlU4e6,10 Sep 2013,4.11,3.39,1.95,1.97,1.73,1.06,1.37,2.26,4.27,8.75,7.88,2.89,1.60,1.20,1.06,-,9.50,1.78,1.22,-,5.63,3.59,5.63,-,1.19,3.50,8.00
hungary-estonia-UBJ6vIS2,10 Sep 2013,1.39,4.56,8.50,2.03,1.69,1.03,1.24,1.79,3.09,5.75,11.00,3.74,1.97,1.34,1.12,3.95,2.04,1.05,,4.35,3.43,9.00,,1.56,2.89,19.00,
north-macedonia-scotland-CSYJW7Et,10 Sep 2013,2.20,3.27,3.51,2.03,1.69,1.08,1.45,2.46,4.65,9.75,7.13,2.65,1.52,1.17,1.05,10.00,4.14,1.25,1.02,6.50,3.70,5.05,11.00,1.16,1.63,8.00,23.00
slovakia-bosnia-herzegovina-zyNyYeOJ,10 Sep 2013,3.00,3.28,2.41,1.80,1.89,1.05,1.33,2.07,3.76,7.38,8.88,3.16,1.72,1.25,1.08,14.50,6.00,1.52,1.13,8.50,4.50,3.96,7.00,1.08,1.36,4.58,11.00
romania-turkey-pnQcrobn,10 Sep 2013,2.33,3.30,3.12,1.81,1.88,1.05,1.33,2.12,3.88,7.88,8.50,3.13,1.68,1.23,1.07,10.50,4.41,1.29,1.04,6.75,3.83,4.80,9.50,1.15,1.58,7.25,17.00
georgia-finland-hxNfye0A,10 Sep 2013,2.59,3.16,2.82,2.00,1.71,1.07,1.42,2.34,4.39,9.38,7.75,2.73,1.56,1.18,1.05,13.75,5.15,1.37,1.06,7.75,4.01,4.35,8.50,1.10,1.46,5.80,17.00
norway-switzerland-Qs9HVEit,10 Sep 2013,2.58,3.23,2.81,1.85,1.85,1.06,1.37,2.20,3.96,8.38,8.00,2.89,1.63,1.22,1.06,12.00,5.06,1.35,1.06,7.25,3.95,4.47,8.50,1.11,1.47,6.38,17.00
armenia-denmark-fcNLTw42,10 Sep 2013,3.33,3.43,2.16,1.71,2.00,1.04,1.28,1.91,3.36,6.38,9.63,3.45,1.86,1.29,1.10,17.00,7.25,1.63,1.17,9.50,5.00,3.83,6.50,1.04,1.28,4.01,9.00
kazakhstan-sweden-zFsdQNcO,10 Sep 2013,10.89,5.16,1.31,2.08,1.66,1.02,1.21,1.72,2.94,5.19,12.25,4.05,2.07,1.36,1.14,,23.00,3.33,1.73,,11.00,3.46,4.20,,1.02,1.89,3.28
russia-israel-06OmoIme,10 Sep 2013,1.33,5.05,9.59,2.18,1.61,1.03,1.25,1.78,3.09,5.80,11.63,3.68,1.98,1.34,1.12,3.45,1.89,1.02,,4.25,3.50,11.00,,1.69,3.19,23.00,
england-moldova-vwydeOsh,06 Sep 2013,1.06,13.50,34.00,3.07,1.34,1.01,1.08,1.29,1.78,2.90,21.33,7.17,3.41,1.96,1.37,1.58,,,-,4.42,,,-,3.83,,,-
scotland-belgium-8AU4RdHH,06 Sep 2013,5.26,3.67,1.71,1.98,1.72,1.05,1.32,2.05,3.71,7.38,9.00,3.16,1.73,1.24,1.07,,12.00,2.09,1.30,,6.50,3.45,5.05,,1.12,2.83,6.13
germany-austria-QTHSxuwo,06 Sep 2013,1.21,6.95,12.20,1.80,1.92,1.01,1.10,1.35,1.93,3.08,18.00,6.57,3.00,1.80,1.34,2.34,1.50,,,4.10,4.04,,,2.27,4.27,,
ireland-sweden-M1Mdr1FN,06 Sep 2013,2.74,3.18,2.69,1.80,1.89,1.05,1.33,2.07,3.71,7.63,9.00,3.14,1.72,1.25,1.07,13.00,5.45,1.41,1.08,7.50,4.05,4.32,8.00,1.08,1.41,5.50,15.00
italy-bulgaria-2aYNVju7,06 Sep 2013,1.41,4.35,8.75,2.33,1.53,1.04,1.32,2.05,3.63,7.25,9.50,3.13,1.72,1.25,1.07,4.40,2.08,1.04,,4.20,3.42,9.00,,1.50,2.80,21.00,
northern-ireland-portugal-QLq3Zv4k,06 Sep 2013,10.81,4.96,1.32,2.30,1.56,1.03,1.25,1.79,3.15,5.94,11.33,3.68,1.95,1.33,1.11,,23.00,3.24,1.67,,10.00,3.48,4.20,,1.02,1.88,3.50
poland-montenegro-I72qisL9,06 Sep 2013,1.87,3.42,4.46,1.98,1.72,1.07,1.37,2.26,4.13,8.90,7.88,2.89,1.60,1.20,1.05,7.50,3.30,1.17,-,5.50,3.53,5.88,-,1.25,1.83,10.25,-
serbia-croatia-EglZFKZ2,06 Sep 2013,2.68,3.13,2.79,1.98,1.71,1.08,1.44,2.42,4.64,9.90,7.06,2.63,1.54,1.16,1.04,15.00,5.44,1.37,1.06,8.00,3.98,4.25,8.50,1.08,1.44,6.13,17.00
estonia-netherlands-4tQL3yij,06 Sep 2013,16.42,6.87,1.18,2.15,1.65,1.01,1.12,1.47,2.21,3.69,15.33,5.61,2.57,1.62,1.25,,,4.62,2.22,,,4.10,4.13,,,1.47,2.41
finland-spain-I9ZBZYUM,06 Sep 2013,14.57,6.21,1.22,2.58,1.45,1.02,1.22,1.72,2.88,5.10,12.33,3.94,2.06,1.38,1.15,,,4.10,1.99,,,3.63,3.82,,,1.66,2.79
slovenia-albania-rNwtSWj5,06 Sep 2013,1.90,3.40,4.32,1.86,1.83,1.05,1.32,2.06,3.64,7.25,8.67,3.20,1.72,1.25,1.08,7.38,3.33,1.20,1.01,5.50,3.59,5.50,12.00,1.23,1.83,9.00,23.00
switzerland-iceland-QokGtW5b,06 Sep 2013,1.29,5.23,11.63,2.27,1.57,1.03,1.22,1.77,2.95,5.53,11.67,3.86,2.00,1.36,1.13,3.22,1.80,,,4.03,3.49,,,1.78,3.40,,
bosnia-herzegovina-slovakia-fcZobeX0,06 Sep 2013,1.60,3.87,6.00,1.83,1.86,1.04,1.25,1.82,3.10,5.99,10.33,3.71,1.96,1.34,1.11,5.10,2.45,1.12,,4.78,3.50,7.00,,1.38,2.31,12.00,
georgia-france-zop7zFFG,06 Sep 2013,9.18,4.43,1.39,2.46,1.49,1.04,1.32,2.06,3.73,7.25,9.67,3.21,1.72,1.24,1.08,,21.00,2.91,1.57,,9.50,3.39,4.25,,1.03,2.04,4.12
malta-denmark-OhTdnCPm,06 Sep 2013,15.52,6.34,1.20,2.49,1.48,1.02,1.18,1.65,2.58,4.61,14.00,4.36,2.18,1.44,1.17,,,4.17,2.04,,,3.78,3.82,,,1.58,2.77
romania-hungary-xtVoI7df,06 Sep 2013,1.91,3.41,4.24,1.80,1.89,1.04,1.29,1.93,3.40,6.61,9.67,3.38,1.83,1.29,1.09,7.00,3.23,1.20,1.01,5.45,3.63,5.50,12.00,1.25,1.85,9.00,23.00
turkey-andorra-OlHFFYk2,06 Sep 2013,1.02,19.25,62.00,5.50,1.14,,1.06,1.20,1.59,2.36,,10.00,4.22,2.25,1.54,1.35,,,,5.25,,,,5.00,,,
ukraine-san-marino-Qc9zqJSk,06 Sep 2013,1.01,23.75,65.75,6.00,1.13,,1.01,1.05,1.16,1.45,,23.00,8.50,4.67,2.63,,,,,,,,,,,,
north-macedonia-wales-8WykXK2n,06 Sep 2013,2.14,3.23,3.63,2.02,1.70,1.07,1.42,2.42,4.49,9.50,7.43,2.72,1.53,1.18,1.05,10.00,3.94,1.22,1.01,6.00,3.68,5.13,12.00,1.17,1.66,8.50,23.00
czech-republic-armenia-AHySveIK,06 Sep 2013,1.41,4.60,8.14,2.10,1.65,1.03,1.25,1.87,3.10,5.95,10.33,3.65,1.91,1.34,1.11,4.05,2.09,1.05,,4.40,3.49,8.50,,1.54,2.79,19.00,
russia-luxembourg-CQTn8ue8,06 Sep 2013,1.02,19.25,44.00,4.75,1.15,1.00,1.07,1.29,1.78,2.90,26.00,7.50,3.28,2.02,1.37,1.42,1.10,,,4.68,7.00,,,4.70,15.00,,
northern-ireland-russia-8pZ7YbJe,14 Aug 2013,9.54,4.55,1.36,2.50,1.50,1.05,1.31,2.05,3.68,7.33,10.00,3.28,1.72,1.25,1.08,,23.00,3.08,1.63,,10.00,3.43,4.05,,1.02,1.94,3.83
denmark-armenia-l8zWwFXQ,11 Jun 2013,1.25,5.53,12.40,2.23,1.58,1.03,1.20,1.69,2.72,5.11,12.00,4.11,2.10,1.40,1.14,2.96,1.64,-,,3.85,3.83,-,,1.95,3.92,-,
sweden-faroe-islands-CEwidKqN,11 Jun 2013,1.02,15.63,45.75,4.13,1.21,1.00,1.04,1.21,1.59,2.25,19.00,10.00,4.10,2.21,1.57,1.35,1.10,,,5.00,7.75,,,6.13,13.50,,
belarus-finland-2gePLF0N,11 Jun 2013,2.18,3.15,3.47,2.04,1.71,1.08,1.44,2.41,4.81,10.67,7.33,2.68,1.54,1.16,1.04,11.00,4.27,1.22,1.01,6.50,3.61,5.00,12.00,1.14,1.64,9.00,23.00
switzerland-cyprus-8IUhTOAC,08 Jun 2013,1.18,6.39,16.00,2.34,1.55,1.02,1.18,1.62,2.62,4.68,14.00,4.37,2.21,1.46,1.16,2.68,1.51,,,3.83,4.08,,,2.11,4.48,,
portugal-russia-Q9qVxsSN,07 Jun 2013,1.66,3.70,5.33,2.14,1.64,1.06,1.37,2.18,4.11,8.93,8.19,2.90,1.64,1.20,1.05,6.13,2.76,1.08,,4.75,3.41,7.00,,1.35,2.17,15.00,
iceland-slovenia-2uUdSrQI,07 Jun 2013,2.71,3.26,2.60,1.90,1.79,1.06,1.38,2.29,4.15,8.93,8.19,2.84,1.58,1.20,1.05,15.00,5.83,1.47,1.07,8.00,3.93,4.10,8.00,1.07,1.43,5.38,15.00
austria-sweden-zsrQslvJ,07 Jun 2013,2.52,3.30,2.76,1.82,1.87,1.05,1.34,2.08,3.69,7.80,9.25,3.08,1.70,1.25,1.07,13.00,5.20,1.43,1.07,7.50,3.96,4.21,8.00,1.08,1.47,5.78,15.00
belgium-serbia-OAO3Hu3a,07 Jun 2013,1.51,4.03,6.66,2.10,1.65,1.04,1.30,1.97,3.46,6.93,10.00,3.34,1.78,1.28,1.08,4.50,2.22,1.05,,4.31,3.49,8.50,,1.50,2.57,19.00,
czech-republic-italy-O2ILJgte,07 Jun 2013,3.42,3.08,2.26,2.05,1.69,1.07,1.44,2.45,4.65,10.13,7.36,2.68,1.52,1.16,1.04,19.00,7.50,1.59,1.16,10.00,4.59,3.68,6.50,1.03,1.30,4.53,10.75
albania-norway-xpwcxTmQ,07 Jun 2013,3.34,3.22,2.20,2.05,1.68,1.07,1.43,2.44,4.72,10.38,7.61,2.68,1.51,1.16,1.04,21.00,8.00,1.62,1.12,11.00,4.75,3.69,7.00,1.02,1.25,4.30,12.00
montenegro-ukraine-GzMptQ6i,07 Jun 2013,2.63,3.12,2.78,1.94,1.77,1.07,1.40,2.25,4.28,9.63,7.94,2.76,1.60,1.19,1.05,15.00,5.24,1.42,1.07,8.00,3.93,4.10,8.00,1.08,1.48,5.75,15.00
croatia-scotland-hzpOEwmI,07 Jun 2013,1.33,4.74,10.08,2.17,1.63,1.03,1.23,1.80,3.03,6.00,10.67,3.70,1.96,1.34,1.11,3.50,1.88,1.02,,4.00,3.55,10.00,,1.73,3.28,23.00,
moldova-poland-0vUJNriN,07 Jun 2013,8.72,4.30,1.40,2.21,1.60,1.04,1.29,2.00,3.49,6.99,10.05,3.28,1.77,1.27,1.08,,21.00,2.89,1.57,,9.50,3.51,4.20,,1.03,2.03,4.20
liechtenstein-slovakia-tv9UCfnf,07 Jun 2013,12.70,5.30,1.26,2.41,1.52,1.03,1.25,1.82,3.10,6.25,12.33,3.67,1.93,1.34,1.11,,-,3.67,1.89,,-,3.57,3.92,,-,1.73,3.10
finland-belarus-UFRLKZFT,07 Jun 2013,2.24,3.31,3.19,1.86,1.86,1.05,1.34,2.12,3.92,8.42,9.42,3.13,1.67,1.23,1.06,10.00,4.22,1.30,1.04,6.50,3.78,4.75,9.50,1.14,1.62,7.00,19.00
france-spain-WODmGgOp,26 Mar 2013,3.39,3.18,2.24,2.00,1.73,1.06,1.38,2.28,4.26,9.43,8.05,2.87,1.59,1.19,1.05,21.00,7.43,1.61,1.13,10.00,4.88,3.75,6.50,1.03,1.31,4.32,11.00
montenegro-england-UDfgxr6G,26 Mar 2013,4.04,3.26,2.01,2.00,1.73,1.06,1.34,2.18,3.96,8.56,8.49,3.04,1.64,1.22,1.06,23.00,8.50,1.72,1.18,11.00,5.50,3.60,6.00,1.01,1.22,3.72,9.00
belgium-north-macedonia-SrVfJ1Yn,26 Mar 2013,1.20,6.32,16.43,3.00,1.36,1.03,1.25,1.78,3.06,5.88,11.40,3.70,1.99,1.34,1.11,2.66,1.52,,,3.75,3.97,,,2.12,4.58,,
germany-kazakhstan-WSexo3V4,26 Mar 2013,1.02,20.00,59.25,4.33,1.20,1.00,1.02,1.12,1.36,1.86,23.00,13.33,5.68,2.95,1.87,1.18,1.04,,,6.50,11.50,,,8.50,15.50,,
ireland-austria-rkUI1OFo,26 Mar 2013,2.41,3.16,3.13,1.95,1.80,1.05,1.34,2.13,3.90,8.30,8.55,3.05,1.68,1.23,1.06,13.00,4.82,1.35,1.05,7.50,3.83,4.40,9.00,1.11,1.54,6.50,17.00
malta-italy-61j9oWvf,26 Mar 2013,35.80,12.40,1.06,3.75,1.25,1.01,1.11,1.41,2.11,3.48,17.33,5.94,2.77,1.67,1.28,,,8.13,3.25,,,5.13,3.95,,,1.20,1.79
poland-san-marino-UwQlupMc,26 Mar 2013,1.01,22.00,80.50,7.00,1.08,1.00,1.01,1.04,1.17,1.39,41.00,19.67,9.63,4.49,2.80,1.03,,,,11.00,,,,17.00,,,
wales-croatia-8GmwFvk9,26 Mar 2013,5.44,3.59,1.69,2.15,1.65,1.05,1.35,2.08,3.90,8.50,8.69,3.01,1.72,1.23,1.06,,13.00,2.13,1.30,,6.50,3.45,5.00,,1.12,2.82,6.50
netherlands-romania-ANYSOxTF,26 Mar 2013,1.35,4.86,9.46,2.10,1.67,1.03,1.23,1.74,2.91,5.55,11.73,3.81,2.04,1.36,1.12,3.45,1.88,1.03,,4.10,3.56,10.00,,1.73,3.21,21.00,
serbia-scotland-S6DI7dsq,26 Mar 2013,1.51,3.88,7.25,2.38,1.53,1.06,1.37,2.22,4.18,9.05,8.36,2.90,1.62,1.19,1.05,5.50,2.38,1.06,,4.33,3.41,8.00,,1.40,2.50,19.00,
denmark-bulgaria-pOwJWWP0,26 Mar 2013,1.67,3.62,5.70,2.20,1.62,1.05,1.34,2.14,3.95,8.50,8.63,3.01,1.67,1.22,1.06,6.00,2.79,1.10,,4.88,3.44,7.00,,1.33,2.14,15.00,
ukraine-moldova-zqDvhN53,26 Mar 2013,1.12,8.08,20.49,3.00,1.36,1.02,1.16,1.62,2.60,4.82,16.00,4.63,2.22,1.45,1.15,2.29,1.38,,,3.75,4.33,,,2.45,5.67,,
turkey-hungary-W2UkHRB0,26 Mar 2013,1.71,3.63,5.14,,,1.04,1.27,1.93,3.38,6.83,9.90,3.47,1.82,1.29,1.09,-,2.87,-,,-,3.48,-,,-,2.06,-,
azerbaijan-portugal-UReBXRSp,26 Mar 2013,13.09,5.46,1.26,2.50,1.50,1.03,1.23,1.79,3.04,5.86,11.40,3.78,1.98,1.34,1.11,,,3.65,1.88,,,3.62,3.88,,,1.72,3.11
armenia-czech-republic-2P5V4fR1,26 Mar 2013,3.73,3.31,2.07,2.04,1.70,1.06,1.37,2.21,4.13,9.25,7.94,2.89,1.62,1.21,1.05,23.00,9.00,1.71,1.18,12.00,5.50,3.64,6.00,1.01,1.22,3.79,9.50
andorra-turkey-nPqk9cTS,22 Mar 2013,33.06,12.14,1.07,3.40,1.30,1.02,1.11,1.45,2.27,3.97,19.00,5.75,2.61,1.60,1.22,,,8.37,3.12,,,5.20,3.90,,,1.20,1.85
kazakhstan-germany-MmPMjb7p,22 Mar 2013,33.90,11.25,1.07,2.50,1.50,1.01,1.06,1.25,1.73,2.70,21.33,8.56,3.73,2.03,1.42,,,8.13,3.58,,,5.60,4.30,,,1.20,1.65
norway-albania-0EGTSCya,22 Mar 2013,1.42,4.30,8.68,2.25,1.60,1.04,1.34,2.05,3.73,7.92,9.92,3.12,1.72,1.24,1.07,4.35,2.12,1.05,,4.05,3.36,8.50,,1.54,2.84,19.00,
croatia-serbia-zaZSDc2O,22 Mar 2013,1.75,3.53,5.07,2.10,1.67,1.06,1.38,2.22,4.23,9.05,8.38,2.86,1.62,1.19,1.05,7.50,3.06,1.14,,5.50,3.49,6.00,,1.25,1.96,12.00,
slovenia-iceland-nejCsCjh,22 Mar 2013,1.67,3.65,5.53,2.20,1.62,1.06,1.37,2.24,4.29,9.67,8.58,2.88,1.61,1.19,1.05,6.00,2.80,1.10,,4.75,3.44,7.00,,1.33,2.13,15.00,
israel-portugal-Kx0Eg9k4,22 Mar 2013,7.44,4.04,1.49,2.04,1.70,1.05,1.28,1.91,3.44,6.93,9.55,3.45,1.87,1.28,1.09,,17.00,2.56,1.46,,8.00,3.55,4.37,,1.06,2.25,4.70
poland-england-CMH5y2LM,17 Oct 2012,3.81,3.21,2.06,,,1.06,1.37,2.23,4.08,8.30,8.11,2.89,1.61,1.21,1.06,21.00,7.85,1.71,1.24,11.00,5.63,3.69,5.63,1.02,1.23,3.74,8.00
england-moldova-vwydeOsh,06 Sep 2013,1.06,13.50,34.00,3.07,1.34,1.01,1.08,1.29,1.78,2.90,21.33,7.17,3.41,1.96,1.37,1.58,,,-,4.42,,,-,3.83,,,-
scotland-belgium-8AU4RdHH,06 Sep 2013,5.26,3.67,1.71,1.98,1.72,1.05,1.32,2.05,3.71,7.38,9.00,3.16,1.73,1.24,1.07,,12.00,2.09,1.30,,6.50,3.45,5.05,,1.12,2.83,6.13
germany-austria-QTHSxuwo,06 Sep 2013,1.21,6.95,12.20,1.80,1.92,1.01,1.10,1.35,1.93,3.08,18.00,6.57,3.00,1.80,1.34,2.34,1.50,,,4.10,4.04,,,2.27,4.27,,
ireland-sweden-M1Mdr1FN,06 Sep 2013,2.74,3.18,2.69,1.80,1.89,1.05,1.33,2.07,3.71,7.63,9.00,3.14,1.72,1.25,1.07,13.00,5.45,1.41,1.08,7.50,4.05,4.32,8.00,1.08,1.41,5.50,15.00
italy-bulgaria-2aYNVju7,06 Sep 2013,1.41,4.35,8.75,2.33,1.53,1.04,1.32,2.05,3.63,7.25,9.50,3.13,1.72,1.25,1.07,4.40,2.08,1.04,,4.20,3.42,9.00,,1.50,2.80,21.00,
northern-ireland-portugal-QLq3Zv4k,06 Sep 2013,10.81,4.96,1.32,2.30,1.56,1.03,1.25,1.79,3.15,5.94,11.33,3.68,1.95,1.33,1.11,,23.00,3.24,1.67,,10.00,3.48,4.20,,1.02,1.88,3.50
poland-montenegro-I72qisL9,06 Sep 2013,1.87,3.42,4.46,1.98,1.72,1.07,1.37,2.26,4.13,8.90,7.88,2.89,1.60,1.20,1.05,7.50,3.30,1.17,-,5.50,3.53,5.88,-,1.25,1.83,10.25,-
serbia-croatia-EglZFKZ2,06 Sep 2013,2.68,3.13,2.79,1.98,1.71,1.08,1.44,2.42,4.64,9.90,7.06,2.63,1.54,1.16,1.04,15.00,5.44,1.37,1.06,8.00,3.98,4.25,8.50,1.08,1.44,6.13,17.00
estonia-netherlands-4tQL3yij,06 Sep 2013,16.42,6.87,1.18,2.15,1.65,1.01,1.12,1.47,2.21,3.69,15.33,5.61,2.57,1.62,1.25,,,4.62,2.22,,,4.10,4.13,,,1.47,2.41
finland-spain-I9ZBZYUM,06 Sep 2013,14.57,6.21,1.22,2.58,1.45,1.02,1.22,1.72,2.88,5.10,12.33,3.94,2.06,1.38,1.15,,,4.10,1.99,,,3.63,3.82,,,1.66,2.79
slovenia-albania-rNwtSWj5,06 Sep 2013,1.90,3.40,4.32,1.86,1.83,1.05,1.32,2.06,3.64,7.25,8.67,3.20,1.72,1.25,1.08,7.38,3.33,1.20,1.01,5.50,3.59,5.50,12.00,1.23,1.83,9.00,23.00
switzerland-iceland-QokGtW5b,06 Sep 2013,1.29,5.23,11.63,2.27,1.57,1.03,1.22,1.77,2.95,5.53,11.67,3.86,2.00,1.36,1.13,3.22,1.80,,,4.03,3.49,,,1.78,3.40,,
bosnia-herzegovina-slovakia-fcZobeX0,06 Sep 2013,1.60,3.87,6.00,1.83,1.86,1.04,1.25,1.82,3.10,5.99,10.33,3.71,1.96,1.34,1.11,5.10,2.45,1.12,,4.78,3.50,7.00,,1.38,2.31,12.00,
georgia-france-zop7zFFG,06 Sep 2013,9.18,4.43,1.39,2.46,1.49,1.04,1.32,2.06,3.73,7.25,9.67,3.21,1.72,1.24,1.08,,21.00,2.91,1.57,,9.50,3.39,4.25,,1.03,2.04,4.12
malta-denmark-OhTdnCPm,06 Sep 2013,15.52,6.34,1.20,2.49,1.48,1.02,1.18,1.65,2.58,4.61,14.00,4.36,2.18,1.44,1.17,,,4.17,2.04,,,3.78,3.82,,,1.58,2.77
romania-hungary-xtVoI7df,06 Sep 2013,1.91,3.41,4.24,1.80,1.89,1.04,1.29,1.93,3.40,6.61,9.67,3.38,1.83,1.29,1.09,7.00,3.23,1.20,1.01,5.45,3.63,5.50,12.00,1.25,1.85,9.00,23.00
turkey-andorra-OlHFFYk2,06 Sep 2013,1.02,19.25,62.00,5.50,1.14,,1.06,1.20,1.59,2.36,,10.00,4.22,2.25,1.54,1.35,,,,5.25,,,,5.00,,,
ukraine-san-marino-Qc9zqJSk,06 Sep 2013,1.01,23.75,65.75,6.00,1.13,,1.01,1.05,1.16,1.45,,23.00,8.50,4.67,2.63,,,,,,,,,,,,
north-macedonia-wales-8WykXK2n,06 Sep 2013,2.14,3.23,3.63,2.02,1.70,1.07,1.42,2.42,4.49,9.50,7.43,2.72,1.53,1.18,1.05,10.00,3.94,1.22,1.01,6.00,3.68,5.13,12.00,1.17,1.66,8.50,23.00
czech-republic-armenia-AHySveIK,06 Sep 2013,1.41,4.60,8.14,2.10,1.65,1.03,1.25,1.87,3.10,5.95,10.33,3.65,1.91,1.34,1.11,4.05,2.09,1.05,,4.40,3.49,8.50,,1.54,2.79,19.00,
russia-luxembourg-CQTn8ue8,06 Sep 2013,1.02,19.25,44.00,4.75,1.15,1.00,1.07,1.29,1.78,2.90,26.00,7.50,3.28,2.02,1.37,1.42,1.10,,,4.68,7.00,,,4.70,15.00,,
northern-ireland-russia-8pZ7YbJe,14 Aug 2013,9.54,4.55,1.36,2.50,1.50,1.05,1.31,2.05,3.68,7.33,10.00,3.28,1.72,1.25,1.08,,23.00,3.08,1.63,,10.00,3.43,4.05,,1.02,1.94,3.83
denmark-armenia-l8zWwFXQ,11 Jun 2013,1.25,5.53,12.40,2.23,1.58,1.03,1.20,1.69,2.72,5.11,12.00,4.11,2.10,1.40,1.14,2.96,1.64,-,,3.85,3.83,-,,1.95,3.92,-,
sweden-faroe-islands-CEwidKqN,11 Jun 2013,1.02,15.63,45.75,4.13,1.21,1.00,1.04,1.21,1.59,2.25,19.00,10.00,4.10,2.21,1.57,1.35,1.10,,,5.00,7.75,,,6.13,13.50,,
belarus-finland-2gePLF0N,11 Jun 2013,2.18,3.15,3.47,2.04,1.71,1.08,1.44,2.41,4.81,10.67,7.33,2.68,1.54,1.16,1.04,11.00,4.27,1.22,1.01,6.50,3.61,5.00,12.00,1.14,1.64,9.00,23.00
switzerland-cyprus-8IUhTOAC,08 Jun 2013,1.18,6.39,16.00,2.34,1.55,1.02,1.18,1.62,2.62,4.68,14.00,4.37,2.21,1.46,1.16,2.68,1.51,,,3.83,4.08,,,2.11,4.48,,
portugal-russia-Q9qVxsSN,07 Jun 2013,1.66,3.70,5.33,2.14,1.64,1.06,1.37,2.18,4.11,8.93,8.19,2.90,1.64,1.20,1.05,6.13,2.76,1.08,,4.75,3.41,7.00,,1.35,2.17,15.00,
iceland-slovenia-2uUdSrQI,07 Jun 2013,2.71,3.26,2.60,1.90,1.79,1.06,1.38,2.29,4.15,8.93,8.19,2.84,1.58,1.20,1.05,15.00,5.83,1.47,1.07,8.00,3.93,4.10,8.00,1.07,1.43,5.38,15.00
austria-sweden-zsrQslvJ,07 Jun 2013,2.52,3.30,2.76,1.82,1.87,1.05,1.34,2.08,3.69,7.80,9.25,3.08,1.70,1.25,1.07,13.00,5.20,1.43,1.07,7.50,3.96,4.21,8.00,1.08,1.47,5.78,15.00
belgium-serbia-OAO3Hu3a,07 Jun 2013,1.51,4.03,6.66,2.10,1.65,1.04,1.30,1.97,3.46,6.93,10.00,3.34,1.78,1.28,1.08,4.50,2.22,1.05,,4.31,3.49,8.50,,1.50,2.57,19.00,
czech-republic-italy-O2ILJgte,07 Jun 2013,3.42,3.08,2.26,2.05,1.69,1.07,1.44,2.45,4.65,10.13,7.36,2.68,1.52,1.16,1.04,19.00,7.50,1.59,1.16,10.00,4.59,3.68,6.50,1.03,1.30,4.53,10.75
albania-norway-xpwcxTmQ,07 Jun 2013,3.34,3.22,2.20,2.05,1.68,1.07,1.43,2.44,4.72,10.38,7.61,2.68,1.51,1.16,1.04,21.00,8.00,1.62,1.12,11.00,4.75,3.69,7.00,1.02,1.25,4.30,12.00
montenegro-ukraine-GzMptQ6i,07 Jun 2013,2.63,3.12,2.78,1.94,1.77,1.07,1.40,2.25,4.28,9.63,7.94,2.76,1.60,1.19,1.05,15.00,5.24,1.42,1.07,8.00,3.93,4.10,8.00,1.08,1.48,5.75,15.00
croatia-scotland-hzpOEwmI,07 Jun 2013,1.33,4.74,10.08,2.17,1.63,1.03,1.23,1.80,3.03,6.00,10.67,3.70,1.96,1.34,1.11,3.50,1.88,1.02,,4.00,3.55,10.00,,1.73,3.28,23.00,
moldova-poland-0vUJNriN,07 Jun 2013,8.72,4.30,1.40,2.21,1.60,1.04,1.29,2.00,3.49,6.99,10.05,3.28,1.77,1.27,1.08,,21.00,2.89,1.57,,9.50,3.51,4.20,,1.03,2.03,4.20
liechtenstein-slovakia-tv9UCfnf,07 Jun 2013,12.70,5.30,1.26,2.41,1.52,1.03,1.25,1.82,3.10,6.25,12.33,3.67,1.93,1.34,1.11,,-,3.67,1.89,,-,3.57,3.92,,-,1.73,3.10
finland-belarus-UFRLKZFT,07 Jun 2013,2.24,3.31,3.19,1.86,1.86,1.05,1.34,2.12,3.92,8.42,9.42,3.13,1.67,1.23,1.06,10.00,4.22,1.30,1.04,6.50,3.78,4.75,9.50,1.14,1.62,7.00,19.00
france-spain-WODmGgOp,26 Mar 2013,3.39,3.18,2.24,2.00,1.73,1.06,1.38,2.28,4.26,9.43,8.05,2.87,1.59,1.19,1.05,21.00,7.43,1.61,1.13,10.00,4.88,3.75,6.50,1.03,1.31,4.32,11.00
montenegro-england-UDfgxr6G,26 Mar 2013,4.04,3.26,2.01,2.00,1.73,1.06,1.34,2.18,3.96,8.56,8.49,3.04,1.64,1.22,1.06,23.00,8.50,1.72,1.18,11.00,5.50,3.60,6.00,1.01,1.22,3.72,9.00
belgium-north-macedonia-SrVfJ1Yn,26 Mar 2013,1.20,6.32,16.43,3.00,1.36,1.03,1.25,1.78,3.06,5.88,11.40,3.70,1.99,1.34,1.11,2.66,1.52,,,3.75,3.97,,,2.12,4.58,,
germany-kazakhstan-WSexo3V4,26 Mar 2013,1.02,20.00,59.25,4.33,1.20,1.00,1.02,1.12,1.36,1.86,23.00,13.33,5.68,2.95,1.87,1.18,1.04,,,6.50,11.50,,,8.50,15.50,,
ireland-austria-rkUI1OFo,26 Mar 2013,2.41,3.16,3.13,1.95,1.80,1.05,1.34,2.13,3.90,8.30,8.55,3.05,1.68,1.23,1.06,13.00,4.82,1.35,1.05,7.50,3.83,4.40,9.00,1.11,1.54,6.50,17.00
malta-italy-61j9oWvf,26 Mar 2013,35.80,12.40,1.06,3.75,1.25,1.01,1.11,1.41,2.11,3.48,17.33,5.94,2.77,1.67,1.28,,,8.13,3.25,,,5.13,3.95,,,1.20,1.79
poland-san-marino-UwQlupMc,26 Mar 2013,1.01,22.00,80.50,7.00,1.08,1.00,1.01,1.04,1.17,1.39,41.00,19.67,9.63,4.49,2.80,1.03,,,,11.00,,,,17.00,,,
wales-croatia-8GmwFvk9,26 Mar 2013,5.44,3.59,1.69,2.15,1.65,1.05,1.35,2.08,3.90,8.50,8.69,3.01,1.72,1.23,1.06,,13.00,2.13,1.30,,6.50,3.45,5.00,,1.12,2.82,6.50
netherlands-romania-ANYSOxTF,26 Mar 2013,1.35,4.86,9.46,2.10,1.67,1.03,1.23,1.74,2.91,5.55,11.73,3.81,2.04,1.36,1.12,3.45,1.88,1.03,,4.10,3.56,10.00,,1.73,3.21,21.00,
serbia-scotland-S6DI7dsq,26 Mar 2013,1.51,3.88,7.25,2.38,1.53,1.06,1.37,2.22,4.18,9.05,8.36,2.90,1.62,1.19,1.05,5.50,2.38,1.06,,4.33,3.41,8.00,,1.40,2.50,19.00,
denmark-bulgaria-pOwJWWP0,26 Mar 2013,1.67,3.62,5.70,2.20,1.62,1.05,1.34,2.14,3.95,8.50,8.63,3.01,1.67,1.22,1.06,6.00,2.79,1.10,,4.88,3.44,7.00,,1.33,2.14,15.00,
ukraine-moldova-zqDvhN53,26 Mar 2013,1.12,8.08,20.49,3.00,1.36,1.02,1.16,1.62,2.60,4.82,16.00,4.63,2.22,1.45,1.15,2.29,1.38,,,3.75,4.33,,,2.45,5.67,,
turkey-hungary-W2UkHRB0,26 Mar 2013,1.71,3.63,5.14,,,1.04,1.27,1.93,3.38,6.83,9.90,3.47,1.82,1.29,1.09,-,2.87,-,,-,3.48,-,,-,2.06,-,
azerbaijan-portugal-UReBXRSp,26 Mar 2013,13.09,5.46,1.26,2.50,1.50,1.03,1.23,1.79,3.04,5.86,11.40,3.78,1.98,1.34,1.11,,,3.65,1.88,,,3.62,3.88,,,1.72,3.11
armenia-czech-republic-2P5V4fR1,26 Mar 2013,3.73,3.31,2.07,2.04,1.70,1.06,1.37,2.21,4.13,9.25,7.94,2.89,1.62,1.21,1.05,23.00,9.00,1.71,1.18,12.00,5.50,3.64,6.00,1.01,1.22,3.79,9.50
cyprus-switzerland-ShzBqYLu,23 Mar 2013,6.69,3.97,1.53,2.20,1.62,1.04,1.32,2.02,3.77,8.00,9.92,3.25,1.74,1.24,1.07,,19.00,2.47,1.50,,8.50,3.46,4.33,,1.05,2.37,4.50
france-georgia-WIMRyGT6,22 Mar 2013,1.12,8.39,23.13,3.00,1.36,1.02,1.15,1.60,2.54,4.56,17.00,4.72,2.26,1.48,1.16,2.26,1.35,,,3.73,4.51,,,2.42,5.85,,
san-marino-england-6qH9zMzT,22 Mar 2013,73.25,21.00,1.01,6.00,1.11,1.00,1.02,1.07,1.23,1.60,34.00,19.00,8.00,3.83,2.22,,,,12.00,,,,8.00,,,,1.10
scotland-wales-4bVcVbXb,22 Mar 2013,1.98,3.36,3.96,1.91,1.91,1.05,1.33,2.08,3.73,7.81,9.24,3.14,1.70,1.25,1.07,8.50,3.69,1.22,1.02,6.00,3.59,5.50,11.00,1.20,1.76,8.50,21.00
north-macedonia-belgium-Qou0Sx2B,22 Mar 2013,5.55,3.71,1.65,2.10,1.67,1.05,1.34,2.11,3.95,8.50,9.08,3.10,1.69,1.22,1.06,,13.00,2.14,1.33,,6.50,3.45,4.80,,1.11,2.78,6.50
poland-ukraine-O0Phv4y4,22 Mar 2013,2.16,3.19,3.62,2.10,1.67,1.07,1.43,2.39,4.56,10.13,7.38,2.69,1.54,1.16,1.04,11.00,3.92,1.22,1.02,6.50,3.60,5.00,11.00,1.14,1.66,8.50,23.00
spain-finland-QuMVzzqD,22 Mar 2013,1.06,12.18,33.20,2.75,1.40,1.00,1.07,1.31,1.83,3.00,26.00,7.83,3.31,1.91,1.35,1.64,1.20,,,4.27,5.40,,,3.68,8.22,,
sweden-ireland-K4ULDLEc,22 Mar 2013,1.52,4.04,6.89,2.00,1.73,1.03,1.26,1.88,3.21,6.18,10.38,3.60,1.89,1.32,1.10,4.67,2.30,1.07,,4.30,3.49,8.00,,1.47,2.51,15.00,
austria-faroe-islands-SlvlSqTB,22 Mar 2013,1.11,9.23,24.65,2.75,1.40,1.01,1.11,1.40,2.11,3.59,15.33,5.80,2.80,1.66,1.26,1.88,1.29,,,3.98,4.78,,,3.05,6.43,,
czech-republic-denmark-2HRWT5ba,22 Mar 2013,2.22,3.17,3.48,2.04,1.70,1.07,1.41,2.31,4.51,9.88,7.75,2.70,1.57,1.16,1.04,11.00,4.38,1.29,1.02,6.50,3.69,4.75,10.00,1.12,1.61,8.00,21.00
hungary-romania-EeuKQbb3,22 Mar 2013,2.73,3.22,2.64,1.95,1.80,1.06,1.37,2.20,4.11,9.08,8.58,2.88,1.63,1.21,1.05,15.00,6.13,1.45,1.08,8.00,4.08,3.97,8.00,1.07,1.43,5.48,15.00
netherlands-estonia-82IAwxr9,22 Mar 2013,1.04,14.44,38.94,3.50,1.29,1.01,1.07,1.31,1.81,2.95,23.50,8.17,3.30,1.96,1.36,1.57,1.21,,,4.31,5.50,,,3.95,9.78,,
slovakia-lithuania-8KiaUnNo,22 Mar 2013,1.50,4.00,7.40,2.20,1.62,1.05,1.33,2.08,3.75,8.00,9.83,3.17,1.71,1.24,1.07,4.75,2.32,1.06,,4.33,3.43,8.00,,1.44,2.52,19.00,
andorra-turkey-nPqk9cTS,22 Mar 2013,33.06,12.14,1.07,3.40,1.30,1.02,1.11,1.45,2.27,3.97,19.00,5.75,2.61,1.60,1.22,,,8.37,3.12,,,5.20,3.90,,,1.20,1.85
kazakhstan-germany-MmPMjb7p,22 Mar 2013,33.90,11.25,1.07,2.50,1.50,1.01,1.06,1.25,1.73,2.70,21.33,8.56,3.73,2.03,1.42,,,8.13,3.58,,,5.60,4.30,,,1.20,1.65
norway-albania-0EGTSCya,22 Mar 2013,1.42,4.30,8.68,2.25,1.60,1.04,1.34,2.05,3.73,7.92,9.92,3.12,1.72,1.24,1.07,4.35,2.12,1.05,,4.05,3.36,8.50,,1.54,2.84,19.00,
croatia-serbia-zaZSDc2O,22 Mar 2013,1.75,3.53,5.07,2.10,1.67,1.06,1.38,2.22,4.23,9.05,8.38,2.86,1.62,1.19,1.05,7.50,3.06,1.14,,5.50,3.49,6.00,,1.25,1.96,12.00,
slovenia-iceland-nejCsCjh,22 Mar 2013,1.67,3.65,5.53,2.20,1.62,1.06,1.37,2.24,4.29,9.67,8.58,2.88,1.61,1.19,1.05,6.00,2.80,1.10,,4.75,3.44,7.00,,1.33,2.13,15.00,
israel-portugal-Kx0Eg9k4,22 Mar 2013,7.44,4.04,1.49,2.04,1.70,1.05,1.28,1.91,3.44,6.93,9.55,3.45,1.87,1.28,1.09,,17.00,2.56,1.46,,8.00,3.55,4.37,,1.06,2.25,4.70
poland-england-CMH5y2LM,17 Oct 2012,3.81,3.21,2.06,,,1.06,1.37,2.23,4.08,8.30,8.11,2.89,1.61,1.21,1.06,21.00,7.85,1.71,1.24,11.00,5.63,3.69,5.63,1.02,1.23,3.74,8.00
portugal-northern-ireland-jHSj7aAE,16 Oct 2012,1.07,9.88,29.25,,,1.02,1.09,1.35,1.96,3.27,19.00,6.75,3.03,1.76,1.32,1.67,1.20,,,4.35,5.28,,,3.48,8.55,,
spain-france-ruwlSaHu,16 Oct 2012,1.42,4.42,7.66,,,1.04,1.31,2.03,3.51,7.49,9.13,3.26,1.74,1.27,1.08,4.38,2.14,1.05,,4.17,3.45,8.50,,1.58,2.73,19.00,
albania-slovenia-rRFPXnds,16 Oct 2012,2.96,3.16,2.44,,,1.06,1.38,2.28,4.34,10.00,8.17,2.78,1.59,1.18,1.05,17.00,6.50,1.50,1.10,9.00,4.33,3.86,7.50,1.05,1.35,5.05,13.00
belgium-scotland-tnZbILmg,16 Oct 2012,1.35,4.72,9.18,,,1.02,1.25,1.76,3.07,6.00,12.50,3.73,2.00,1.35,1.11,4.00,1.98,1.04,,4.20,3.50,9.00,,1.60,3.07,19.00,
germany-sweden-EyJlpNpB,16 Oct 2012,1.28,5.58,10.01,,,1.01,1.15,1.56,2.43,4.23,15.00,4.85,2.37,1.52,1.20,3.13,1.73,1.03,,4.07,3.80,10.00,,1.81,3.55,19.00,
italy-denmark-fJOhmhAs,16 Oct 2012,1.58,3.82,6.00,,,1.05,1.33,2.03,3.64,7.50,9.30,3.19,1.74,1.25,1.08,5.38,2.54,1.12,,4.53,3.49,6.50,,1.43,2.28,13.00,
austria-kazakhstan-djqMrUOC,16 Oct 2012,1.19,6.60,14.19,,,1.02,1.19,1.65,2.61,4.86,13.00,4.21,2.16,1.44,1.14,2.38,1.52,,,3.75,3.87,,,2.34,4.62,,
hungary-turkey-dKUOPID9,16 Oct 2012,2.86,3.26,2.44,,,1.04,1.30,2.01,3.50,7.25,10.00,3.35,1.76,1.28,1.08,15.00,6.00,1.51,1.11,8.50,4.40,3.97,7.50,1.07,1.36,4.80,12.00
iceland-switzerland-tWS0R2uP,16 Oct 2012,4.24,3.40,1.86,,,1.05,1.33,2.07,3.75,7.92,9.33,3.13,1.72,1.24,1.07,,9.50,1.82,1.22,,5.50,3.61,5.50,,1.20,3.35,8.00
north-macedonia-serbia-UuwoY0mt,16 Oct 2012,3.90,3.34,1.96,,,1.06,1.42,2.33,4.57,10.67,8.08,2.74,1.57,1.16,1.04,-,10.00,1.75,1.18,-,5.50,3.59,6.00,-,1.20,3.68,9.00
slovakia-greece-SY1GQDGg,16 Oct 2012,2.44,3.15,2.94,,,1.07,1.41,2.32,4.56,10.33,7.92,2.78,1.57,1.16,1.04,15.00,5.01,1.35,1.05,7.50,3.95,4.33,9.00,1.08,1.49,6.50,17.00
croatia-wales-l2wXCHHU,16 Oct 2012,1.26,5.43,12.46,,,1.03,1.22,1.73,2.88,5.58,12.50,3.97,2.03,1.37,1.12,2.88,1.68,-,,3.88,3.78,-,,1.98,3.62,-,
czech-republic-bulgaria-6XvFXCAf,16 Oct 2012,1.69,3.55,5.26,,,1.06,1.37,2.22,4.21,9.33,8.67,2.88,1.62,1.20,1.05,7.00,2.91,1.12,,5.00,3.50,6.50,,1.29,2.05,13.00,
romania-netherlands-AgTgGoR6,16 Oct 2012,3.88,3.39,1.95,,,1.04,1.30,2.02,3.51,7.01,8.88,3.36,1.75,1.28,1.09,,7.83,1.77,1.27,,6.25,3.59,5.50,,1.23,3.56,6.63
ukraine-montenegro-O45ikLkM,16 Oct 2012,1.70,3.56,5.09,,,1.04,1.30,2.01,3.50,7.25,10.00,3.32,1.75,1.28,1.08,6.50,2.90,1.14,,5.00,3.50,6.50,,1.30,2.04,11.00,
belarus-georgia-xGPZZgbJ,16 Oct 2012,2.02,3.28,3.81,,,1.06,1.40,2.28,4.35,9.83,8.17,2.83,1.59,1.19,1.05,9.00,3.75,1.22,1.01,6.00,3.69,5.50,12.00,1.18,1.70,9.00,23.00
russia-azerbaijan-4jL0h0eL,16 Oct 2012,1.08,10.39,27.36,,,1.01,1.12,1.47,2.23,3.88,17.00,5.88,2.58,1.61,1.23,1.88,1.32,,,4.00,4.82,,,3.00,6.55,,
england-san-marino-rwpCRp74,12 Oct 2012,1.01,22.75,91.75,,,1.00,1.00,1.04,1.09,1.21,41.00,29.00,11.50,7.25,4.17,,,,,,,,,,,,
ireland-germany-j5xeevaT,12 Oct 2012,8.11,4.62,1.38,,,1.02,1.21,1.69,2.73,5.31,12.92,4.19,2.11,1.40,1.14,,17.00,2.80,1.57,,8.50,3.53,4.33,,1.05,2.08,4.00
slovenia-cyprus-nFzcOljU,12 Oct 2012,1.42,4.30,8.15,,,1.05,1.32,2.00,3.62,7.50,10.50,3.33,1.78,1.27,1.08,4.00,2.13,1.04,,4.20,3.44,9.00,,1.57,2.74,21.00,
wales-scotland-tAHM6Gdk,12 Oct 2012,2.90,3.20,2.47,,,1.06,1.36,2.12,4.03,9.08,8.75,2.98,1.69,1.22,1.05,17.00,6.50,1.51,1.11,9.00,4.40,3.91,7.00,1.05,1.35,4.82,12.00
estonia-hungary-MHzH4Hyp,12 Oct 2012,3.54,3.26,2.08,,,1.06,1.33,2.10,3.72,8.33,9.33,3.18,1.69,1.25,1.06,21.00,8.00,1.68,1.18,11.00,5.00,3.76,6.00,1.02,1.25,3.79,9.00
netherlands-andorra-GOD7HfLk,12 Oct 2012,1.01,18.50,74.25,,,1.00,1.00,1.06,1.17,1.42,34.00,26.00,8.17,4.63,2.68,,,,,,,,,,,,
north-macedonia-croatia-h0et88Gd,12 Oct 2012,4.65,3.35,1.83,,,1.08,1.42,2.34,4.72,10.50,7.83,2.75,1.56,1.16,1.04,,12.00,1.92,1.25,,6.00,3.48,5.50,,1.14,3.20,8.00
serbia-belgium-pzhY9Uop,12 Oct 2012,2.45,3.15,2.98,,,1.06,1.37,2.18,4.18,9.25,8.75,2.97,1.64,1.21,1.05,12.00,4.94,1.35,1.05,7.00,3.91,4.40,9.00,1.11,1.51,6.50,17.00
switzerland-norway-xUGWvAzB,12 Oct 2012,1.73,3.53,4.97,,,1.06,1.37,2.14,4.13,9.33,9.00,2.97,1.66,1.22,1.05,6.43,2.99,1.14,,5.13,3.50,6.00,,1.33,2.00,12.00,
slovakia-latvia-dbNzOB0C,12 Oct 2012,1.40,4.51,7.99,,,1.04,1.27,1.82,3.23,6.33,11.67,3.58,1.95,1.32,1.10,4.20,2.08,1.05,,4.20,3.50,8.50,,1.55,2.80,17.00,
belarus-spain-MVyhRJWo,12 Oct 2012,16.95,7.93,1.14,,,1.02,1.14,1.55,2.34,3.90,15.33,4.99,2.41,1.55,1.23,,,5.18,2.36,,,4.32,3.83,,,1.41,2.31
bulgaria-denmark-M9ExQe3R,12 Oct 2012,2.94,3.21,2.44,,,1.07,1.39,2.32,4.40,10.33,8.17,2.84,1.59,1.19,1.04,17.00,7.00,1.51,1.11,9.00,4.50,3.84,7.00,1.05,1.33,4.96,12.00
moldova-ukraine-WMKkIMEp,12 Oct 2012,10.56,4.89,1.31,,,1.04,1.26,1.86,3.23,6.42,12.00,3.68,1.92,1.32,1.10,,23.00,3.23,1.67,,10.00,3.49,4.00,,1.02,1.89,3.60
turkey-romania-6LM2EPeJ,12 Oct 2012,1.76,3.48,4.89,,,1.06,1.34,2.08,3.88,8.33,9.33,3.15,1.71,1.23,1.06,6.50,3.00,1.12,,5.00,3.48,6.50,,1.30,2.00,12.00,
albania-iceland-OtZhw9YJ,12 Oct 2012,1.96,3.34,3.92,,,1.06,1.37,2.22,4.21,9.33,8.92,2.97,1.62,1.21,1.05,8.50,3.56,1.20,1.00,6.00,3.64,5.50,12.00,1.20,1.76,9.50,23.00
armenia-italy-YmMPScJ8,12 Oct 2012,8.36,4.32,1.41,,,1.04,1.32,1.97,3.55,7.33,10.67,3.25,1.79,1.27,1.08,,23.00,2.86,1.62,,10.00,3.25,4.00,,1.02,2.08,4.00
czech-republic-malta-IPHPIDe1,12 Oct 2012,1.05,12.35,33.19,,,1.02,1.10,1.41,2.19,3.67,19.00,6.33,2.74,1.65,1.25,1.70,1.18,,,4.00,5.25,,,3.50,8.50,,
faroe-islands-sweden-l46XoqGb,12 Oct 2012,29.49,10.17,1.08,,,1.02,1.12,1.49,2.30,3.82,18.00,5.50,2.51,1.59,1.22,,,7.55,3.00,,,4.83,3.85,,,1.27,1.93
kazakhstan-austria-MuTM0rVi,12 Oct 2012,5.01,3.67,1.70,,,1.05,1.30,2.00,3.50,7.06,9.55,3.34,1.77,1.27,1.08,,12.00,2.09,1.30,,6.50,3.50,5.00,,1.13,2.72,6.00
finland-georgia-j5tdQwnh,12 Oct 2012,1.76,3.49,4.80,,,1.06,1.35,2.15,4.08,9.00,9.08,3.03,1.67,1.21,1.05,7.00,3.09,1.13,-,5.00,3.48,6.50,-,1.29,1.97,12.00,-
russia-portugal-bsWb5wuR,12 Oct 2012,2.77,3.16,2.60,,,1.08,1.43,2.34,4.49,10.00,7.49,2.68,1.57,1.17,1.04,17.00,6.40,1.43,1.07,8.50,4.05,3.93,8.00,1.06,1.42,5.50,15.00
portugal-azerbaijan-jmHdgttF,11 Sep 2012,1.03,13.33,33.33,,,1.00,1.06,1.26,1.70,2.56,26.00,9.00,3.65,2.12,1.47,1.57,1.14,,,4.40,5.75,,,4.00,9.00,,
england-ukraine-x0qGQ4MA,11 Sep 2012,1.55,3.89,6.43,,,1.05,1.33,2.02,3.75,7.75,10.50,3.25,1.75,1.25,1.08,5.50,2.43,1.10,,4.59,3.43,7.00,,1.36,2.35,15.00,
france-belarus-Ueu0Pc1b,11 Sep 2012,1.23,5.70,13.65,,,1.04,1.30,1.92,3.40,6.50,11.00,3.45,1.86,1.30,1.11,3.10,1.63,,,3.75,3.68,,,1.90,3.98,,
scotland-north-macedonia-n7nsEb4F,11 Sep 2012,1.78,3.39,4.84,,,1.07,1.39,2.27,4.20,8.83,7.67,2.82,1.60,1.20,1.05,7.50,3.07,1.13,,5.50,3.47,6.50,,1.25,1.92,13.00,
belgium-croatia-jPShyl6P,11 Sep 2012,2.13,3.27,3.45,,,1.05,1.33,2.09,3.70,7.67,8.83,3.17,1.70,1.25,1.07,9.50,3.93,1.25,1.02,6.50,3.70,5.00,11.00,1.17,1.65,8.00,19.00
italy-malta-pQlqTPD5,11 Sep 2012,1.02,13.00,51.00,,,1.01,1.07,1.30,1.76,2.68,19.67,7.33,3.47,1.98,1.43,1.44,1.11,,,4.40,6.00,,,4.75,11.00,,
poland-moldova-4KdpUJDd,11 Sep 2012,1.17,6.54,17.65,,,1.03,1.22,1.73,2.82,5.57,11.67,3.93,2.05,1.39,1.12,2.57,1.49,,,3.68,4.00,,,2.24,4.67,,
austria-germany-lQuEpjf0,11 Sep 2012,6.48,4.69,1.44,,,1.02,1.15,1.55,2.42,4.18,13.67,4.77,2.39,1.53,1.20,,15.00,2.64,1.57,,8.00,3.62,4.40,,1.08,2.10,4.00
hungary-netherlands-6eRgqRrt,11 Sep 2012,5.09,3.92,1.65,,,1.03,1.21,1.69,2.82,5.17,11.83,4.04,2.09,1.39,1.14,,11.00,2.23,1.36,,6.50,3.60,5.00,,1.14,2.43,5.50
serbia-wales-fiOOVRTn,11 Sep 2012,1.47,4.05,7.42,,,1.06,1.36,2.19,3.96,8.07,8.50,2.97,1.64,1.22,1.06,5.00,2.26,1.05,,4.33,3.35,8.00,,1.44,2.54,19.00,
sweden-kazakhstan-ERTPCuU3,11 Sep 2012,1.07,9.83,23.33,,,1.01,1.10,1.37,1.98,3.22,18.67,6.17,2.93,1.76,1.32,1.88,1.22,,,3.88,5.00,,,2.95,7.50,,
switzerland-albania-CdrpRj6B,11 Sep 2012,1.32,4.83,10.29,,,1.03,1.25,1.80,3.00,5.73,10.73,3.70,1.96,1.35,1.11,3.50,1.82,1.02,,4.00,3.57,11.00,,1.70,3.35,23.00,
slovakia-liechtenstein-jau953po,11 Sep 2012,1.06,10.67,27.67,,,1.01,1.08,1.35,2.02,3.30,17.33,7.23,3.13,1.77,1.32,1.80,1.25,,,4.20,5.50,,,3.10,7.00,,
albania-cyprus-v9P1s5Dh,07 Sep 2012,2.03,3.37,3.65,,,1.06,1.36,2.23,4.15,9.24,8.19,2.90,1.62,1.20,1.05,9.50,3.83,1.23,1.01,6.00,3.58,5.50,11.00,1.17,1.73,8.05,23.00
andorra-hungary-hISTBaqA,07 Sep 2012,24.54,10.54,1.08,,,1.01,1.12,1.50,2.21,3.66,17.00,5.31,2.48,1.62,1.25,,,8.00,2.93,,,4.90,3.92,,,1.21,1.93
finland-france-UucHNyWA,07 Sep 2012,5.42,3.57,1.67,,,1.05,1.34,2.16,3.90,8.16,8.44,3.00,1.65,1.23,1.06,,15.00,2.15,1.35,,7.00,3.40,4.60,,1.11,2.79,6.10
montenegro-poland-dEV0frcb,07 Sep 2012,2.40,3.20,2.98,,,1.06,1.42,2.36,4.41,9.75,7.75,2.73,1.55,1.17,1.04,12.00,4.89,1.34,1.04,7.00,3.76,4.50,9.50,1.11,1.53,7.05,19.00
netherlands-turkey-4pYWNdrM,07 Sep 2012,1.46,4.30,6.73,,,1.03,1.19,1.69,2.71,5.19,12.00,4.16,2.11,1.40,1.13,4.60,2.17,1.07,,4.27,3.56,8.00,,1.52,2.63,15.00,
slovenia-switzerland-zyJAuqr5,07 Sep 2012,2.86,3.24,2.43,,,1.06,1.37,2.25,4.14,8.99,8.36,2.90,1.61,1.20,1.05,17.00,6.55,1.49,1.08,8.50,4.42,3.84,7.50,1.06,1.37,5.09,13.00
croatia-north-macedonia-EqoKFJXB,07 Sep 2012,1.27,5.32,11.31,,,1.03,1.23,1.74,2.85,5.42,11.67,3.90,2.02,1.38,1.12,3.13,1.72,,,3.85,3.65,,,1.86,3.80,,
lithuania-slovakia-0nxhd4So,07 Sep 2012,3.50,3.19,2.15,,,1.07,1.44,2.41,4.51,10.38,7.61,2.67,1.54,1.16,1.04,23.00,8.50,1.64,1.14,11.00,5.10,3.64,6.50,1.01,1.25,4.21,10.00
estonia-romania-rXOP2e6d,07 Sep 2012,3.59,3.21,2.12,,,1.07,1.41,2.36,4.54,10.17,7.63,2.72,1.55,1.16,1.03,21.00,8.20,1.65,1.14,11.00,5.13,3.69,6.50,1.02,1.27,4.01,11.00
georgia-belarus-O2dLMeoH,07 Sep 2012,2.60,3.13,2.76,,,1.06,1.40,2.27,4.18,9.24,7.94,2.83,1.59,1.20,1.05,15.00,5.31,1.41,1.07,8.00,4.16,4.10,8.00,1.08,1.45,6.48,15.00
russia-northern-ireland-KjXf6JPK,07 Sep 2012,1.18,6.35,16.71,,,1.02,1.18,1.61,2.53,4.68,12.67,4.47,2.24,1.46,1.16,2.60,1.52,-,,3.83,4.08,-,,2.17,4.57,-,
