HomeTeam_AwayTeam_Match_ID,Date,HomeTeamWinOdd,HomeTeamDrawOdd,HomeTeamLoseOdd,BtsYes,BtsNo,Over_05,Under_05,Over_15,Under_15,Over_25,Under_25,Over_35,Under_35,Over_45,Under_45,Over_55,Under_55,Over_65,Under_65,HandiCap_min3_W,HandiCap_min2_W,HandiCap_min1_W,HandiCap_plus1_W,HandiCap_plus2_W,HandiCap_plus3_W,HandiCap_min3_D,HandiCap_min2_D,HandiCap_min1_D,HandiCap_plus1_D,HandiCap_plus2_D,HandiCap_plus3_D,HandiCap_min3_L,HandiCap_min2_L,HandiCap_min1_L,HandiCap_plus1_L,HandiCap_plus2_L,HandiCap_plus3_Ls,p,a,i,n,-,b,r,a,z,i,l,-,v,c,A,M,V,e,7,C,26 Mar 2024,2.45,3.40,2.83,1.78,2.01,1.06,1.33,2.03,3.55,6.89,14.20,34.00,9.36,3.34,1.81,1.30,1.10,1.03,1.01,-,11.90,4.94,1.41,1.12,-,-,6.93,3.94,4.26,8.50,-,-,1.17,1.54,6.22,17.00,-
spain-brazil-vcAMVe7C,26 Mar 2024,2.45,3.40,2.83,1.78,2.01,1.06,1.33,2.03,3.55,6.89,14.20,34.00,9.36,3.34,1.81,1.30,1.10,1.03,1.01,-,11.90,4.94,1.41,1.12,-,-,6.93,3.94,4.26,8.50,-,-,1.17,1.54,6.22,17.00,-
egypt-croatia-EHDONFj1,26 Mar 2024,3.47,3.23,2.16,1.93,1.84,1.08,1.41,2.24,4.08,8.37,15.67,41.00,7.99,2.93,1.66,1.23,1.07,1.02,1.00,,23.00,8.12,1.64,1.18,,,9.50,4.79,3.61,6.27,,,1.09,1.30,4.44,10.26,
france-chile-xrkBqjPh,26 Mar 2024,1.29,5.73,9.83,1.97,1.80,1.02,1.18,1.58,2.44,4.25,7.80,15.50,13.82,4.82,2.40,1.56,1.22,1.08,1.03,5.66,3.00,1.78,-,,,5.46,4.07,3.77,-,,,1.35,1.95,3.75,-,,
austria-turkey-WbyzKNkM,26 Mar 2024,2.05,3.45,3.65,1.82,1.97,1.06,1.32,2.02,3.51,6.79,13.85,29.00,9.57,3.39,1.83,1.30,1.10,1.03,1.01,23.00,8.53,3.89,1.28,-,,11.00,6.03,3.61,5.00,-,,1.07,1.23,1.75,8.37,-,
england-belgium-jHcQ4IjL,26 Mar 2024,1.69,3.88,5.01,1.84,1.94,1.05,1.27,1.87,3.15,5.86,12.23,26.00,10.72,3.73,1.98,1.36,1.13,1.04,1.01,12.80,5.70,2.83,1.17,-,,7.83,5.00,3.59,6.20,-,,1.12,1.39,2.15,12.10,-,
germany-netherlands-6m8oUJj1,26 Mar 2024,1.84,3.87,3.97,1.62,2.26,1.03,1.21,1.67,2.69,4.84,9.16,18.60,13.11,4.34,2.19,1.47,1.18,1.06,1.02,15.00,6.40,3.20,1.25,-,-,9.25,5.58,3.83,5.74,-,-,1.12,1.32,1.92,8.37,-,-
ireland-switzerland-OMuEDTEK,26 Mar 2024,3.25,3.15,2.33,1.98,1.80,1.08,1.44,2.35,4.40,9.02,18.60,50.50,7.69,2.81,1.61,1.21,1.06,1.02,1.00,,22.00,7.91,1.59,1.15,-,,9.25,4.75,3.80,6.98,-,,1.09,1.32,4.96,11.40,-
scotland-northern-ireland-QyilVaye,26 Mar 2024,1.64,3.60,5.91,2.22,1.64,1.08,1.42,2.29,4.20,8.66,17.60,41.00,7.81,2.85,1.64,1.22,1.07,1.02,1.00,15.00,6.21,2.90,1.14,-,,8.50,4.64,3.31,7.25,-,,1.12,1.37,2.27,18.50,-,
slovenia-portugal-I3aI6vM8,26 Mar 2024,8.00,4.53,1.40,2.02,1.76,1.05,1.25,1.83,3.02,5.55,12.35,26.00,10.42,3.84,2.02,1.38,1.14,1.04,1.01,,-,-,2.85,1.70,1.25,,-,-,3.75,4.35,6.50,,-,-,2.13,3.95,8.50
romania-colombia-2JqJN5jc,26 Mar 2024,6.37,3.90,1.56,2.07,1.73,1.06,1.32,2.02,3.46,6.72,14.30,31.50,9.40,3.36,1.82,1.30,1.10,1.03,1.01,,-,19.50,2.32,1.44,1.14,,-,7.75,3.33,4.73,7.35,,-,1.12,2.61,5.26,12.00
denmark-faroe-islands-2HE5X8m3,26 Mar 2024,1.09,10.65,24.36,2.98,1.37,1.02,1.14,1.48,2.22,3.73,6.64,13.22,18.00,5.44,2.65,1.67,1.27,1.10,1.03,3.33,1.97,1.35,-,,,4.48,3.78,4.58,-,,,1.74,3.11,7.63,-,,
czech-republic-armenia-h2sSVcnA,26 Mar 2024,1.26,5.71,11.05,2.16,1.67,1.03,1.20,1.66,2.62,4.67,9.10,20.00,13.33,4.42,2.26,1.50,1.19,1.06,1.02,6.08,3.08,1.81,-,,,5.58,3.99,3.66,-,,,1.33,1.93,3.69,-,,
hungary-kosovo-OWI8DjVk,26 Mar 2024,1.88,3.29,4.60,1.98,1.80,1.08,1.39,2.22,4.04,8.07,17.00,41.00,8.16,3.01,1.68,1.24,1.08,1.02,1.00,16.25,7.67,3.54,1.19,-,,8.55,5.40,3.45,6.03,-,,1.11,1.27,1.91,11.40,-,
norway-slovakia-G80U0I8B,26 Mar 2024,1.31,5.22,10.29,2.24,1.63,1.04,1.24,1.76,2.87,5.31,10.39,23.50,11.97,4.02,2.09,1.42,1.15,1.05,1.02,6.58,3.27,1.89,-,-,,5.66,3.99,3.57,-,-,,1.30,1.85,3.41,-,-,
finland-estonia-Qox7RaOm,26 Mar 2024,1.50,4.03,7.20,2.38,1.57,1.08,1.40,2.23,4.06,8.08,17.00,41.00,8.20,2.95,1.67,1.24,1.08,1.02,1.00,11.80,5.08,2.47,1.10,,,7.14,4.40,3.32,8.00,,,1.15,1.49,2.50,24.00,,
sweden-albania-p2uvJs5S,25 Mar 2024,1.41,4.72,7.20,1.98,1.78,1.04,1.23,1.76,2.87,5.27,9.96,19.75,11.94,4.07,2.08,1.41,1.15,1.06,1.02,8.06,3.89,2.12,-,-,,6.32,4.29,3.69,-,-,,1.23,1.66,2.77,-,-,
cyprus-serbia-SzzLrY6b,25 Mar 2024,12.66,6.21,1.22,2.32,1.58,1.04,1.20,1.64,2.61,4.68,8.81,16.75,13.40,4.54,2.27,1.49,1.18,1.07,1.02,,,,4.35,2.11,1.41,,,,4.00,3.87,4.86,,,,1.70,2.76,5.22
montenegro-north-macedonia-tb2WCrIo,25 Mar 2024,2.59,3.02,2.95,2.01,1.77,1.10,1.49,2.53,4.88,10.42,21.25,50.50,6.89,2.60,1.50,1.18,1.05,1.02,1.00,,16.00,5.95,1.39,1.10,,,7.75,3.92,4.15,8.75,,,1.14,1.48,7.11,21.00,
russia-paraguay-S6fF7Ktj,25 Mar 2024,,,,,,-,-,-,-,-,-,,-,-,-,-,-,-,,-,-,-,-,,,-,-,-,-,,,-,-,-,-,,
italy-ecuador-tbS92Enl,24 Mar 2024,2.03,3.22,4.04,2.13,1.70,1.09,1.47,2.46,4.66,9.74,20.50,50.50,7.03,2.67,1.55,1.18,1.05,1.02,1.00,28.00,9.66,4.11,1.25,-,,11.50,5.95,3.43,5.06,-,,1.05,1.21,1.76,10.10,-,
croatia-tunisia-vm3kuYMk,23 Mar 2024,1.75,3.62,4.92,2.04,1.75,1.07,1.36,2.11,3.84,7.75,15.50,37.50,8.76,3.17,1.74,1.26,1.08,1.03,1.00,15.50,6.96,3.19,1.20,1.02,,9.13,5.33,3.50,5.47,16.00,,1.11,1.31,1.96,13.08,41.00,
france-germany-pv7kTw67,23 Mar 2024,1.88,3.97,3.77,1.53,2.48,1.02,1.17,1.56,2.40,4.15,7.70,15.80,14.93,5.04,2.45,1.58,1.23,1.08,1.03,13.33,6.21,3.13,1.28,1.06,,8.67,5.23,4.11,5.17,11.50,,1.11,1.32,1.88,7.93,21.00,
denmark-switzerland-OQF1YlYd,23 Mar 2024,2.13,3.30,3.55,1.83,1.93,1.06,1.34,2.08,3.67,7.18,15.30,37.50,9.16,3.27,1.76,1.28,1.09,1.03,1.00,24.50,9.06,4.05,1.30,1.06,,12.00,6.23,3.97,4.75,10.50,,1.06,1.21,1.68,8.36,21.00,
england-brazil-dAAP9ovH,23 Mar 2024,1.98,3.63,3.75,1.77,2.01,1.05,1.29,1.93,3.29,6.27,12.88,29.00,10.29,3.58,1.91,1.34,1.12,1.04,1.01,19.75,7.70,3.54,1.27,1.05,,11.00,5.80,3.88,5.17,11.50,,1.07,1.26,1.80,8.57,23.00,
ireland-belgium-CQbM5byF,23 Mar 2024,3.86,3.57,1.95,1.79,1.99,1.05,1.29,1.93,3.29,6.31,12.42,29.00,10.43,3.58,1.90,1.33,1.11,1.04,1.01,,29.00,8.95,1.82,1.26,1.08,,13.00,5.32,3.76,5.73,10.50,,1.04,1.26,3.57,7.73,18.50
slovakia-austria-hvewRa6o,23 Mar 2024,3.41,3.32,2.17,1.92,1.85,1.07,1.39,2.20,4.06,8.17,17.00,41.00,8.46,3.00,1.68,1.24,1.07,1.02,1.00,,25.50,8.54,1.66,1.20,1.04,,11.00,4.64,3.88,6.27,13.00,,1.06,1.31,4.28,9.85,26.00
spain-colombia-OnRwlFWf,22 Mar 2024,1.76,3.61,4.84,1.99,1.79,1.06,1.36,2.12,3.81,7.45,16.75,37.50,8.75,3.15,1.73,1.26,1.08,1.02,1.00,16.75,6.90,3.17,1.18,1.03,,9.38,5.25,3.46,6.11,15.00,,1.09,1.31,2.03,12.17,36.00,
albania-chile-40u0DV06,22 Mar 2024,3.52,3.14,2.21,2.08,1.70,1.10,1.48,2.48,4.84,10.06,21.20,50.50,7.06,2.64,1.54,1.18,1.06,1.02,1.00,,27.50,8.85,1.62,1.17,1.05,,10.75,4.75,3.72,6.27,12.00,,1.05,1.29,4.65,11.17,29.00
hungary-turkey-xxxWK3zG,22 Mar 2024,2.29,3.34,3.09,1.72,2.08,1.05,1.30,1.96,3.41,6.50,13.80,29.00,9.85,3.50,1.87,1.31,1.11,1.03,1.01,31.00,10.75,4.65,1.35,1.10,,15.00,6.77,3.95,4.77,9.38,,1.03,1.17,1.59,6.78,18.00,
netherlands-scotland-nohpWuMl,22 Mar 2024,1.36,4.96,8.57,1.98,1.80,1.03,1.21,1.68,2.71,4.90,9.38,18.35,13.62,4.31,2.20,1.46,1.17,1.06,1.02,7.22,3.53,2.01,1.06,,,6.00,4.19,3.59,10.50,,,1.26,1.73,3.15,26.00,,
romania-northern-ireland-Sb0gbGTl,22 Mar 2024,1.75,3.53,4.95,1.98,1.79,1.06,1.35,2.11,3.80,7.31,15.50,34.00,8.56,3.18,1.73,1.26,1.08,1.03,1.01,16.25,7.06,3.25,1.17,1.02,,9.50,5.14,3.40,6.16,17.00,,1.10,1.30,2.01,12.00,41.00,
norway-czech-republic-EBrOWwX3,22 Mar 2024,1.82,3.70,4.26,1.74,2.05,1.05,1.27,1.86,3.12,5.90,11.51,26.00,10.50,3.77,1.97,1.37,1.13,1.04,1.01,16.75,6.90,3.24,1.21,1.04,,9.88,5.23,3.67,5.61,13.00,,1.10,1.30,1.94,9.65,29.00,
north-macedonia-moldova-2NHCCApd,22 Mar 2024,1.68,3.72,5.05,2.12,1.68,1.07,1.40,2.22,4.09,8.04,18.35,41.00,8.04,2.91,1.66,1.22,1.08,1.02,1.00,14.42,6.51,2.97,1.16,,,8.22,4.90,3.42,6.00,,,1.11,1.35,2.12,13.75,,
italy-venezuela-zP5z6571,21 Mar 2024,1.47,4.36,6.75,2.12,1.70,1.05,1.30,1.95,3.37,6.44,13.28,27.50,10.01,3.50,1.88,1.31,1.11,1.04,1.01,9.92,4.52,2.32,1.11,,,6.83,4.36,3.48,8.13,,,1.18,1.54,2.64,19.50,,
portugal-sweden-40eE7K62,21 Mar 2024,1.41,4.94,6.75,1.74,2.05,1.02,1.16,1.54,2.34,4.05,7.30,15.30,17.75,4.98,2.48,1.59,1.23,1.08,1.03,7.50,3.73,2.07,1.10,,,6.45,4.45,3.95,8.63,,,1.25,1.71,2.85,17.50,,
malta-slovenia-xdvQaCV6,21 Mar 2024,8.40,3.97,1.45,2.79,1.42,1.09,1.49,2.47,4.78,9.61,22.00,50.50,7.02,2.62,1.54,1.18,1.06,1.01,1.00,,,29.00,2.68,1.50,1.15,,,9.50,3.16,4.27,6.96,,,1.05,2.43,5.05,12.00
russia-serbia-lpyHqEih,21 Mar 2024,2.49,3.06,3.11,1.75,2.07,1.07,1.35,2.09,3.68,7.25,16.00,,8.84,3.22,1.77,1.28,1.10,1.01,,,12.10,5.46,1.36,1.10,,,7.74,3.88,4.64,8.75,,,1.14,1.53,6.82,18.50,
usa-slovenia-vsAdvtof,20 Jan 2024,1.68,3.72,5.12,2.02,1.76,1.07,1.35,2.07,3.75,7.69,15.03,37.50,9.02,3.21,1.75,1.27,1.08,1.02,1.00,-,6.28,2.94,1.17,,,-,4.88,3.48,5.85,,,-,1.36,2.13,13.00,,
sweden-estonia-x25pWc6r,12 Jan 2024,1.34,4.91,8.84,2.00,1.78,1.03,1.22,1.70,2.74,4.94,8.89,22.00,12.67,4.21,2.17,1.45,1.17,1.06,1.02,6.85,3.43,1.97,-,,,5.80,4.16,3.58,-,,,1.28,1.76,3.19,-,,
austria-germany-ncUFrwSA,21 Nov 2023,3.01,3.86,2.17,1.51,2.49,1.02,1.18,1.58,2.45,4.27,7.71,18.00,16.75,4.74,2.37,1.56,1.21,1.07,1.02,,13.10,5.96,1.66,1.24,-,,7.39,4.79,4.04,6.27,-,,1.11,1.37,3.85,7.92,-
poland-latvia-bLynybiP,21 Nov 2023,1.23,6.05,12.75,2.34,1.55,1.02,1.20,1.66,2.61,4.57,8.79,20.00,14.75,4.20,2.21,1.47,1.16,1.05,1.02,5.00,2.70,1.65,,,,5.00,3.93,3.90,,,,1.42,2.13,4.30,,,
russia-cuba-dpyvccEG,20 Nov 2023,1.04,16.48,35.03,3.25,1.33,-,1.07,1.26,1.68,2.47,4.29,7.42,-,8.66,3.73,2.17,1.52,1.21,1.09,2.11,1.47,1.15,,,,4.30,4.53,6.30,,,,2.51,5.01,13.00,,,
germany-turkey-tbENZGKj,18 Nov 2023,1.33,5.45,8.12,1.63,2.25,1.02,1.11,1.38,1.96,3.13,5.43,10.39,20.67,6.47,3.04,1.85,1.36,1.14,1.06,5.21,2.86,1.80,-,-,,5.56,4.38,4.12,-,-,,1.37,1.91,3.30,-,-,
belgium-serbia-OKGZd7vQ,15 Nov 2023,1.75,3.84,4.43,1.67,2.15,1.04,1.22,1.71,2.74,4.98,9.58,21.00,12.76,4.18,2.15,1.44,1.16,1.05,1.02,13.17,5.92,2.97,1.20,1.03,,7.70,4.97,3.56,5.95,14.00,,1.11,1.35,2.04,9.94,31.00,
mexico-germany-0tW7pacb,18 Oct 2023,4.94,4.19,1.61,1.64,2.20,1.03,1.19,1.61,2.53,4.44,8.16,16.55,14.00,4.61,2.31,1.52,1.20,1.07,1.02,,-,10.30,2.21,1.45,1.15,,-,6.50,3.58,4.85,6.81,,-,1.17,2.59,4.84,9.95
france-scotland-bFrzZGnb,17 Oct 2023,1.22,6.38,12.76,2.26,1.61,1.02,1.19,1.62,2.53,4.45,8.27,16.55,16.50,4.60,2.33,1.52,1.20,1.07,1.02,5.06,2.71,1.64,-,,,5.08,3.86,3.84,-,,,1.41,2.12,4.30,-,,
albania-bulgaria-tv0C6C1f,17 Oct 2023,1.71,3.57,5.20,2.19,1.65,1.08,1.44,2.34,4.32,8.79,18.60,50.50,7.58,2.80,1.61,1.21,1.07,1.02,1.00,15.00,6.64,3.08,1.16,-,,8.00,5.02,3.35,5.88,-,,1.10,1.33,2.10,14.10,-,
north-macedonia-armenia-xGxVnPc8,17 Oct 2023,1.88,3.58,4.17,1.92,1.85,1.06,1.33,2.06,3.65,7.01,15.50,34.00,9.16,3.26,1.78,1.28,1.09,1.03,1.01,17.50,6.89,3.33,1.20,-,,9.25,5.02,3.58,5.50,-,,1.07,1.30,1.91,10.60,-,
russia-kenya-boVYiFil,16 Oct 2023,1.56,3.90,6.72,2.24,1.64,1.06,1.37,2.14,3.79,7.27,14.00,,8.95,3.08,1.72,1.26,1.09,1.02,,10.90,4.99,2.48,1.15,,,7.00,4.46,3.34,6.25,,,1.15,1.49,2.53,14.50,,
usa-germany-bXTirBnO,14 Oct 2023,4.03,3.92,1.82,1.63,2.24,1.03,1.20,1.67,2.66,4.82,8.94,17.90,13.38,4.47,2.24,1.48,1.18,1.06,1.02,,-,8.57,1.94,1.33,1.10,,-,5.56,3.83,5.42,8.23,,-,1.24,3.13,6.17,13.70
england-australia-QTv4LgpT,13 Oct 2023,1.22,6.27,13.51,2.45,1.54,1.03,1.22,1.66,2.70,4.89,9.49,19.07,14.07,4.30,2.20,1.47,1.17,1.06,1.02,5.12,2.72,1.63,1.03,,,5.02,3.85,3.86,19.00,,,1.42,2.14,4.35,56.00,,
sweden-moldova-tpyIdFoj,12 Oct 2023,1.19,6.91,14.19,2.47,1.51,1.03,1.20,1.64,2.61,4.66,8.97,18.00,14.50,4.35,2.24,1.48,1.18,1.06,1.02,5.00,2.68,1.60,1.02,,,5.07,3.78,3.92,13.00,,,1.41,2.15,4.39,36.00,,
georgia-thailand-rPsOoBXH,12 Oct 2023,1.25,5.72,11.21,2.22,1.63,1.03,1.20,1.63,2.58,4.62,8.94,18.00,13.00,4.50,2.24,1.49,1.19,1.07,1.02,5.43,2.84,1.70,-,,,5.22,3.92,3.84,-,,,1.37,2.02,3.88,-,,
russia-cameroon-6uz2G7Ka,12 Oct 2023,2.18,3.23,3.50,1.93,1.85,1.07,1.39,2.17,4.03,7.93,-,,7.97,2.94,1.63,1.22,1.07,-,,21.00,9.90,4.41,1.27,1.07,,10.00,6.30,3.56,4.84,8.75,,1.05,1.19,1.66,8.40,21.00,
wales-gibraltar-00xTpVnO,11 Oct 2023,1.03,15.13,41.27,4.62,1.18,1.02,1.11,1.38,1.96,3.26,5.83,11.13,15.00,6.39,3.02,1.81,1.33,1.14,1.05,2.27,1.53,1.15,,,,4.20,4.13,6.13,,,,2.36,4.83,13.40,,,
germany-france-UcPmqiXH,12 Sep 2023,2.61,3.43,2.67,1.57,2.37,1.04,1.22,1.71,2.72,4.99,9.72,18.10,12.80,4.31,2.16,1.46,1.17,1.06,1.02,-,10.80,4.99,1.46,1.14,-,-,7.28,4.28,4.28,7.54,-,-,1.15,1.48,5.32,11.30,-
hungary-czech-republic-dlLpkFI8,10 Sep 2023,2.44,2.93,3.29,2.13,1.69,1.12,1.53,2.64,5.16,11.17,21.25,-,6.44,2.51,1.49,1.16,1.04,1.02,-,-,13.70,5.72,1.33,1.07,-,-,7.07,3.71,4.36,8.50,-,-,1.12,1.52,7.93,22.00,-
germany-japan-j7QqpXHB,09 Sep 2023,1.43,4.98,6.39,1.68,2.14,1.02,1.15,1.51,2.28,3.89,7.09,14.05,19.50,5.31,2.57,1.64,1.26,1.10,1.03,7.10,3.60,2.08,1.13,-,,6.12,4.44,3.83,7.53,-,,1.25,1.67,2.75,13.75,-,
germany-colombia-GzkAw2zH,20 Jun 2023,1.66,4.04,4.82,1.66,2.18,1.03,1.20,1.64,2.59,4.62,8.57,16.55,12.75,4.45,2.27,1.50,1.19,1.07,1.02,11.00,5.07,2.69,1.17,-,,7.35,5.07,3.75,6.55,-,,1.14,1.42,2.19,10.75,-,
montenegro-czech-republic-IcMtje32,20 Jun 2023,3.54,3.14,2.19,2.13,1.69,1.10,1.49,2.53,4.84,10.12,18.00,50.50,6.80,2.61,1.52,1.17,1.05,1.02,1.00,,-,8.85,1.65,1.17,-,,-,4.74,3.65,6.00,-,,-,1.29,4.60,11.00,-
poland-germany-xpj6vrLA,16 Jun 2023,4.67,3.97,1.70,1.63,2.25,1.02,1.19,1.63,2.56,4.53,8.57,19.37,14.73,4.62,2.30,1.51,1.20,1.07,1.02,,34.00,10.26,2.14,1.39,1.13,,15.00,6.20,3.75,5.12,7.28,,1.03,1.17,2.78,5.28,11.70
serbia-jordan-42Gi3r1a,16 Jun 2023,1.45,4.54,6.82,1.88,1.89,1.03,1.22,1.70,2.75,4.96,9.27,18.60,12.74,4.24,2.16,1.45,1.17,1.06,1.02,8.20,3.97,2.18,1.07,,,5.98,4.31,3.68,9.00,,,1.21,1.61,2.72,19.00,,
sweden-new-zealand-E5wdezWE,16 Jun 2023,1.38,4.32,10.41,2.36,1.57,1.06,1.33,2.03,3.56,7.07,14.28,31.50,9.28,3.32,1.80,1.30,1.10,1.03,1.00,8.94,4.10,2.20,1.04,,,6.27,4.33,3.24,12.50,,,1.21,1.59,2.97,41.00,,
germany-ukraine-rNj2uO54,12 Jun 2023,1.36,5.23,7.99,1.73,2.07,1.01,1.15,1.49,2.23,3.78,6.83,13.73,17.00,5.44,2.63,1.66,1.27,1.10,1.04,6.20,3.25,1.92,1.07,,,5.78,4.29,3.80,10.50,,,1.30,1.78,3.14,21.00,,
north-macedonia-faroe-islands-M7fwP4q5,27 Mar 2023,1.32,5.00,10.48,2.40,1.56,1.05,1.30,1.93,3.29,6.34,12.77,27.50,10.54,3.58,1.92,1.34,1.12,1.04,1.01,7.35,3.55,1.94,-,,,5.78,3.97,3.54,-,,,1.26,1.76,3.37,-,,
austria-italy-4n89QLgG,20 Nov 2022,3.32,3.36,2.19,1.74,2.05,1.05,1.29,1.94,3.29,6.29,11.04,29.00,9.62,3.48,1.88,1.33,1.11,1.04,1.00,,17.00,7.23,1.65,1.19,1.05,,8.40,4.79,3.80,6.30,10.00,,1.08,1.32,4.31,9.63,21.00
hungary-greece-EDVhYmEI,20 Nov 2022,2.28,2.99,3.53,2.36,1.57,1.13,1.62,2.85,5.88,11.78,21.25,-,5.84,2.27,1.42,1.13,1.03,1.00,-,-,13.75,5.07,1.29,-,,-,6.45,3.52,4.39,-,,-,1.13,1.58,9.20,-,
moldova-romania-CI2ybKYs,20 Nov 2022,5.09,3.78,1.67,1.94,1.82,1.06,1.31,1.95,3.39,6.60,12.73,31.50,9.66,3.43,1.85,1.31,1.11,1.03,1.00,,-,12.75,2.15,1.37,1.12,,-,6.23,3.46,4.83,7.63,,-,1.15,2.83,5.73,13.00
slovenia-montenegro-Q1dF7lmA,20 Nov 2022,1.79,3.45,4.72,2.20,1.64,1.09,1.47,2.41,4.67,9.22,16.50,51.00,7.36,2.65,1.55,1.18,1.06,1.01,1.00,-,8.10,3.47,1.19,-,,-,5.24,3.34,5.48,-,,-,1.25,1.91,11.75,-,
north-macedonia-azerbaijan-ldu8mwss,20 Nov 2022,1.81,3.47,4.57,2.00,1.77,1.07,1.38,2.16,3.93,8.02,14.75,41.00,8.57,2.99,1.69,1.25,1.07,1.02,1.00,-,7.13,3.32,1.17,-,,-,5.25,3.39,5.69,-,,-,1.29,1.94,11.50,-,
norway-finland-nys2shZ4,20 Nov 2022,1.55,3.79,6.59,2.19,1.64,1.07,1.37,2.15,3.92,7.69,14.38,41.00,8.26,3.00,1.69,1.24,1.08,1.02,1.00,12.67,5.28,2.63,1.11,,,7.30,4.39,3.23,6.20,,,1.13,1.42,2.40,16.00,,
slovakia-chile-d0e47yfJ,20 Nov 2022,2.89,3.20,2.49,2.05,1.73,1.09,1.47,2.40,4.63,9.29,17.25,51.00,7.25,2.64,1.56,1.19,1.06,1.01,1.00,,-,6.48,1.49,1.13,-,,-,4.06,3.87,6.48,-,,-,1.40,5.38,13.00,-
uzbekistan-russia-feszyvkm,20 Nov 2022,3.28,3.09,2.31,2.12,1.67,1.10,1.51,2.51,4.83,8.56,12.00,,6.16,2.50,1.50,1.15,1.03,1.00,,,-,8.18,1.58,1.14,-,,-,4.47,3.62,6.55,-,,-,1.31,5.05,12.25,-
sweden-algeria-UFzCfzEQ,19 Nov 2022,2.56,3.23,2.80,1.93,1.82,1.07,1.41,2.26,4.15,8.24,15.10,46.00,7.69,2.85,1.63,1.22,1.07,1.02,1.00,-,12.00,5.24,1.37,-,,-,6.73,3.94,4.38,-,,-,1.14,1.52,6.63,-,
turkey-czech-republic-6qQlEEGT,19 Nov 2022,2.18,3.39,3.31,1.84,1.91,1.06,1.34,2.06,3.62,6.85,12.86,34.00,8.73,3.20,1.76,1.28,1.09,1.02,1.00,23.00,9.73,4.29,1.32,1.08,,10.00,6.15,3.77,4.63,8.20,,1.04,1.19,1.66,7.55,18.00,
albania-armenia-My6qJoRr,19 Nov 2022,1.57,3.81,6.11,2.23,1.61,1.07,1.39,2.20,4.02,7.99,14.83,41.00,8.00,2.95,1.66,1.23,1.07,1.02,1.00,13.67,5.63,2.69,1.10,,,7.50,4.66,3.29,6.20,,,1.12,1.40,2.30,16.00,,
russia-bosnia-herzegovina-McNknala,19 Nov 2022,,,,,,-,-,-,-,-,,,-,-,-,-,-,,,,,,,,,,,,,,,,,,,,
bahrain-serbia-r1uvH5lj,18 Nov 2022,9.22,4.44,1.38,2.21,1.63,1.05,1.29,1.91,3.23,6.04,12.03,29.00,9.67,3.51,1.89,1.34,1.12,1.04,1.00,,,21.00,2.92,1.62,1.21,,,7.20,3.41,4.23,6.20,,,1.06,2.13,3.91,8.63
belgium-egypt-YFTD128E,18 Nov 2022,1.47,4.52,6.49,1.80,1.95,1.03,1.20,1.64,2.59,4.60,8.44,18.35,12.26,4.30,2.22,1.48,1.18,1.06,1.02,8.38,4.07,2.25,1.12,1.02,,6.10,4.45,3.62,7.20,11.00,,1.21,1.58,2.62,15.00,35.00,
luxembourg-hungary-xhQ2M3Ao,17 Nov 2022,5.04,3.43,1.76,2.03,1.73,1.07,1.38,2.20,4.00,7.91,16.20,41.00,8.06,2.98,1.67,1.24,1.07,1.02,1.00,,46.00,13.00,2.03,1.30,1.07,,17.00,6.06,3.38,5.22,10.00,,1.02,1.16,3.21,6.88,18.00
portugal-nigeria-r1BSUyif,17 Nov 2022,1.31,5.44,9.26,2.04,1.74,1.03,1.20,1.64,2.59,4.64,8.90,21.33,12.96,4.50,2.26,1.50,1.19,1.06,1.02,6.24,3.18,1.85,1.06,,,5.33,4.02,3.77,9.55,,,1.31,1.86,3.42,24.00,,
montenegro-slovakia-KGLuiKJi,17 Nov 2022,2.98,2.98,2.60,2.06,1.73,1.11,1.50,2.52,4.93,10.27,18.25,51.00,6.77,2.56,1.51,1.17,1.05,1.01,1.00,-,17.00,6.90,1.47,1.11,,-,8.50,4.21,3.96,7.20,,-,1.08,1.37,5.70,14.00,
north-macedonia-finland-67ER0emG,17 Nov 2022,2.28,3.16,3.27,2.07,1.71,1.09,1.48,2.46,4.80,9.72,17.50,51.00,7.13,2.59,1.53,1.18,1.05,1.01,1.00,36.00,11.70,4.72,1.30,1.06,,16.00,6.44,3.73,4.56,9.50,,1.01,1.15,1.59,7.86,21.00,
romania-slovenia-WOK820QQ,17 Nov 2022,2.65,3.13,2.77,1.93,1.82,1.09,1.41,2.30,4.25,8.95,16.88,41.00,7.54,2.87,1.62,1.22,1.06,1.01,1.00,35.50,14.50,5.50,1.41,1.11,1.01,14.50,7.50,4.24,4.35,7.95,20.00,1.02,1.12,1.47,6.15,16.00,46.00
jordan-spain-GrP6LNPi,17 Nov 2022,22.13,8.12,1.13,2.81,1.41,1.02,1.18,1.58,2.45,4.27,8.17,17.05,13.20,4.79,2.36,1.54,1.21,1.08,1.02,,,,6.20,2.62,1.60,,,,4.07,3.78,4.50,,,,1.42,2.16,3.76
morocco-georgia-lbIukoWQ,17 Nov 2022,1.75,3.45,5.10,2.09,1.71,1.08,1.41,2.26,4.22,8.52,15.68,46.00,8.05,2.86,1.63,1.22,1.07,1.02,1.00,19.00,6.88,3.19,1.15,1.01,,10.00,5.14,3.35,6.17,16.00,,1.06,1.29,2.02,12.80,41.00,
tajikistan-russia-U1utLvKs,17 Nov 2022,7.78,4.32,1.43,2.13,1.66,1.04,1.29,1.90,3.18,5.84,10.93,-,8.94,3.42,1.87,1.32,1.11,1.03,-,,,18.00,2.72,1.57,1.19,,,6.80,3.42,4.24,6.35,,,1.08,2.21,4.17,8.90
ghana-switzerland-Ugyhwgj1,17 Nov 2022,5.04,3.47,1.76,2.10,1.69,1.08,1.40,2.24,4.13,8.40,15.10,41.00,7.86,2.89,1.64,1.22,1.07,1.02,1.00,,46.00,12.00,2.01,1.28,1.07,,17.00,5.79,3.38,5.07,9.50,,1.01,1.18,3.26,7.26,16.00
albania-italy-ABg6R1vA,16 Nov 2022,6.49,3.68,1.59,2.20,1.63,1.07,1.38,2.19,3.95,7.82,16.06,41.00,8.08,3.03,1.67,1.24,1.08,1.02,1.00,,,19.00,2.43,1.45,1.15,,,7.50,3.29,4.44,6.75,,,1.10,2.59,5.14,11.13
mexico-sweden-ljnWqwlC,16 Nov 2022,2.15,3.25,3.57,2.01,1.77,1.09,1.43,2.33,4.40,9.01,18.94,51.00,7.60,2.80,1.60,1.21,1.06,1.01,1.00,29.00,9.98,4.28,1.28,1.06,,14.00,6.08,3.66,4.81,11.00,,1.04,1.19,1.67,8.54,25.00,
andorra-austria-jsDmtlmq,16 Nov 2022,38.65,10.17,1.07,3.53,1.29,1.02,1.14,1.46,2.14,3.58,6.44,11.87,14.50,5.58,2.67,1.68,1.29,1.11,1.04,,,,8.00,3.35,1.92,,,,4.94,4.01,4.31,,,,1.27,1.78,2.93
czech-republic-faroe-islands-fctYsty4,16 Nov 2022,1.14,7.70,19.21,2.48,1.51,1.02,1.16,1.52,2.31,3.93,7.28,14.83,14.00,5.17,2.49,1.60,1.24,1.09,1.03,3.80,2.22,1.43,,,,4.62,3.81,4.10,,,,1.58,2.56,5.84,,,
oman-germany-80pxs0jA,16 Nov 2022,25.61,10.67,1.08,2.32,1.57,1.01,1.08,1.29,1.74,2.63,4.51,8.01,21.75,7.83,3.52,2.07,1.47,1.19,1.08,,,,7.20,3.31,1.97,,,,5.18,4.24,4.39,,,,1.29,1.74,2.73
poland-chile-4j2cY1t3,16 Nov 2022,2.30,3.10,3.31,2.08,1.71,1.10,1.48,2.46,4.73,9.63,17.50,51.00,6.90,2.61,1.53,1.18,1.05,1.01,1.00,31.00,11.60,4.77,1.29,1.05,,14.00,6.28,3.71,4.66,10.50,,1.02,1.15,1.61,8.08,23.00,
turkey-scotland-2kYH0MNK,16 Nov 2022,2.03,3.39,3.69,1.87,1.88,1.07,1.35,2.08,3.73,7.38,15.46,37.50,8.80,3.20,1.74,1.27,1.09,1.02,1.00,23.00,8.62,3.83,1.26,1.05,,12.00,5.80,3.59,4.98,11.50,,1.05,1.22,1.75,8.36,25.00,
saudi-arabia-croatia-QThlfzjt,16 Nov 2022,5.21,3.44,1.74,2.13,1.68,,,,,,,,,,,,,,,,46.00,13.20,2.03,1.28,1.06,,17.00,6.08,3.32,5.12,10.50,,1.01,1.15,3.23,7.10,19.00
iran-russia-4MSpmuZh,10 Nov 2022,,,,,,-,-,-,-,-,,,-,-,-,-,-,,,,-,-,-,-,,,-,-,-,-,,,-,-,-,-,
qatar-albania-O8UPAZMj,09 Nov 2022,1.58,3.64,6.41,2.26,1.60,1.07,1.39,2.22,4.11,8.19,14.83,41.00,7.68,2.89,1.64,1.22,1.07,1.02,1.00,13.25,5.54,2.68,1.09,,,7.70,4.62,3.25,7.35,,,1.12,1.39,2.32,19.50,,
saudi-arabia-albania-WCpkCyQQ,26 Oct 2022,1.69,3.60,5.05,2.07,1.70,1.06,1.37,2.16,3.85,7.49,13.00,,7.89,2.92,1.68,1.23,1.07,1.02,,-,6.33,2.99,1.16,,,-,4.90,3.39,5.79,,,-,1.34,2.09,12.75,,
b-monchengladbach-ukraine-YBRGjPPm,11 May 2022,3.38,3.74,1.89,1.33,2.99,,1.10,1.34,1.72,2.53,4.73,6.50,,6.73,3.13,2.05,1.47,1.17,1.07,,,,-,,,,,,-,,,,,,-,,
france-south-africa-2JkaIvoH,29 Mar 2022,1.13,7.79,20.88,2.84,1.40,1.02,1.18,1.59,2.45,4.22,8.09,17.00,11.83,4.67,2.36,1.54,1.21,1.07,1.02,3.73,2.16,1.42,-,,,4.53,3.75,4.25,-,,,1.61,2.61,6.00,-,,
austria-scotland-O8r5Cjod,29 Mar 2022,2.18,3.21,3.49,1.95,1.81,1.07,1.40,2.24,4.04,8.31,21.00,41.00,7.54,2.86,1.64,1.22,1.06,1.01,1.00,-,9.73,4.20,1.28,-,,-,6.13,3.60,4.61,-,,-,1.20,1.66,8.40,-,
belgium-burkina-faso-xSbzCJ9C,29 Mar 2022,1.27,5.45,11.25,2.27,1.60,1.03,1.23,1.73,2.79,5.05,9.79,23.00,11.50,4.01,2.10,1.42,1.15,1.05,1.01,6.13,3.11,1.83,-,,,5.07,3.93,3.44,-,,,1.32,1.88,3.60,-,,
england-ivory-coast-dzEjp3Tk,29 Mar 2022,1.45,4.27,7.64,2.08,1.71,1.04,1.27,1.86,3.15,5.74,12.10,29.00,10.08,3.62,1.93,1.35,1.12,1.04,1.00,8.50,4.07,2.21,1.08,,,6.30,4.37,3.47,6.80,,,1.21,1.58,2.70,18.00,,
netherlands-germany-Uw3EgFQ6,29 Mar 2022,2.34,3.69,2.91,1.47,2.62,1.02,1.17,1.56,2.36,4.00,7.60,17.00,13.53,4.92,2.46,1.59,1.22,1.09,1.02,18.00,8.87,4.28,1.41,1.13,-,10.00,6.80,4.16,4.68,7.27,-,1.06,1.19,1.58,5.40,11.33,-
northern-ireland-hungary-boq8GIFT,29 Mar 2022,2.78,2.84,2.89,2.20,1.64,1.12,1.57,2.76,5.39,9.74,23.00,-,5.84,2.36,1.44,1.14,1.04,1.01,-,-,16.00,6.65,1.39,-,,-,6.80,3.97,4.07,-,,-,1.09,1.41,7.20,-,
spain-iceland-6JpyNEMb,29 Mar 2022,1.14,7.72,19.80,2.51,1.50,1.04,1.14,1.46,2.13,3.56,6.28,12.40,13.00,5.51,2.70,1.70,1.29,1.11,1.05,3.26,1.97,1.37,-,,,4.43,3.98,4.57,-,,,1.73,2.85,6.33,-,,
turkey-italy-Q5j4DZcg,29 Mar 2022,3.93,3.40,1.97,1.82,1.93,1.06,1.32,1.99,3.47,6.51,13.00,29.00,8.72,3.31,1.81,1.29,1.10,1.03,1.00,,-,8.53,1.76,1.22,-,,-,4.93,3.62,5.63,-,,-,1.26,3.76,8.40,-
germany-israel-4GTpzy7E,26 Mar 2022,1.15,8.77,15.41,1.84,1.92,1.00,1.07,1.27,1.71,2.58,4.29,7.71,21.00,8.69,3.74,2.13,1.50,1.21,1.08,3.19,1.98,1.39,1.02,,,4.68,4.36,4.93,13.00,,,1.75,2.74,5.55,32.00,,
netherlands-denmark-jgDK6KFN,26 Mar 2022,1.75,3.55,5.20,2.03,1.76,1.07,1.37,2.17,3.95,7.95,16.77,41.00,8.33,3.07,1.70,1.24,1.08,1.02,1.00,16.50,6.83,3.14,1.16,1.02,,9.10,5.10,3.38,6.25,13.50,,1.09,1.31,2.06,12.75,38.00,
spain-albania-C2hJhZuD,26 Mar 2022,1.18,6.93,18.31,2.80,1.42,1.04,1.22,1.73,2.84,5.25,9.97,22.00,12.08,4.08,2.11,1.42,1.15,1.05,1.02,5.23,2.68,1.62,1.02,,,4.88,3.72,3.58,10.00,,,1.40,2.16,4.77,45.00,,
england-switzerland-QDbvN2Wo,26 Mar 2022,1.65,3.69,5.87,2.10,1.71,1.07,1.36,2.15,3.89,8.01,17.02,41.00,8.45,3.05,1.71,1.25,1.08,1.02,1.00,14.25,5.98,2.83,1.13,1.02,,7.83,4.88,3.32,6.65,14.50,,1.12,1.38,2.22,14.75,45.50,
ireland-belgium-0fVZBxOp,26 Mar 2022,3.40,3.00,2.39,2.02,1.77,1.09,1.47,2.43,4.61,10.05,20.10,51.00,7.11,2.70,1.54,1.19,1.05,1.01,1.00,,23.00,8.23,1.55,1.14,1.02,,9.45,4.66,3.71,7.23,14.00,,1.07,1.30,5.15,12.25,34.50
finland-iceland-fqsXNf7h,26 Mar 2022,2.21,3.16,3.60,2.05,1.73,1.09,1.46,2.43,4.58,9.88,17.77,51.00,7.14,2.71,1.56,1.19,1.06,1.01,1.00,29.50,11.25,4.48,1.28,1.06,,13.00,6.60,3.68,4.74,9.65,,1.03,1.17,1.64,8.75,23.50,
croatia-slovenia-xljBNE5a,26 Mar 2022,1.51,4.02,7.13,2.18,1.66,1.06,1.34,2.06,3.65,7.15,15.28,34.00,9.21,3.27,1.78,1.28,1.09,1.02,1.00,10.70,4.80,2.43,1.09,1.01,,7.03,4.43,3.32,7.95,11.00,,1.15,1.50,2.56,21.00,45.00,
georgia-uzbekistan-lGuqHyOA,15 Nov 2021,2.31,3.12,3.33,1.98,1.80,1.08,1.43,2.34,4.39,9.12,19.00,51.00,7.60,2.73,1.60,1.21,1.07,1.02,1.00,29.00,11.00,4.71,1.32,1.09,1.01,17.00,6.53,3.65,4.65,10.00,19.00,1.04,1.15,1.59,7.45,21.00,29.00
czech-republic-kuwait-2uyWwPje,11 Nov 2021,1.21,6.60,13.87,2.30,1.58,1.03,1.18,1.59,2.44,4.21,8.13,19.00,12.38,4.68,2.36,1.54,1.21,1.07,1.02,4.59,2.53,1.61,1.02,-,,4.74,3.88,3.97,13.00,-,,1.46,2.22,4.41,26.00,-,
ukraine-bulgaria-Qe51fLBI,11 Nov 2021,1.37,4.75,8.94,2.20,1.65,1.04,1.28,1.87,3.13,5.77,12.32,27.50,10.27,3.61,1.95,1.35,1.12,1.03,1.01,8.00,3.82,2.08,1.05,1.01,,6.07,4.10,3.44,8.60,21.00,,1.23,1.68,3.07,19.50,29.00,
serbia-qatar-Qkd1WrGp,11 Nov 2021,1.40,4.69,7.88,2.08,1.72,1.05,1.26,1.81,3.04,5.49,11.74,23.00,10.87,3.79,2.01,1.38,1.14,1.04,1.01,7.83,3.80,2.09,1.09,1.02,,6.13,4.15,3.48,7.75,21.00,,1.23,1.65,2.90,18.50,41.00,
portugal-qatar-65FUy5hN,09 Oct 2021,1.18,7.33,14.50,2.13,1.69,1.02,1.14,1.49,2.20,3.69,6.65,12.90,18.50,5.48,2.64,1.67,1.26,1.10,1.04,4.10,2.33,1.52,1.04,-,,4.81,3.92,4.10,15.00,-,,1.52,2.35,4.91,37.00,-,
czech-republic-ukraine-p0td3q3A,08 Sep 2021,2.41,3.17,3.15,1.86,1.91,1.08,1.38,2.19,3.93,8.20,17.10,,8.23,3.07,1.69,1.25,1.08,1.02,,29.00,11.50,4.90,1.35,1.09,1.01,17.00,6.73,3.89,4.53,9.50,17.00,1.04,1.14,1.54,6.78,17.00,29.00
bulgaria-georgia-dvYD1WKr,08 Sep 2021,2.46,2.96,3.23,2.18,1.66,1.11,1.56,2.71,5.45,11.70,25.00,,6.57,2.43,1.46,1.15,1.04,1.01,,34.00,13.50,5.36,1.33,1.09,1.01,19.00,7.00,3.73,4.36,10.00,21.00,1.03,1.12,1.53,7.65,21.00,29.00
sweden-uzbekistan-QwYhC6Vn,05 Sep 2021,1.59,3.87,6.22,2.09,1.72,1.07,1.36,2.10,3.73,7.33,16.10,26.00,9.18,3.19,1.76,1.28,1.09,1.02,1.01,13.10,5.45,2.69,1.13,1.03,,7.40,4.70,3.30,6.00,17.00,,1.12,1.40,2.33,13.90,44.00,
qatar-portugal-YiHMwRNA,04 Sep 2021,7.68,5.14,1.38,1.86,1.91,1.03,1.19,1.62,2.51,4.39,8.40,17.05,12.99,4.60,2.32,1.53,1.21,1.08,1.02,,44.00,18.50,3.07,1.76,1.27,,23.00,8.35,3.71,4.13,5.93,,1.02,1.09,1.95,3.36,6.62
qatar-serbia-ht0Pv784,01 Sep 2021,3.44,3.34,2.21,1.95,1.82,1.08,1.42,2.28,4.22,8.77,16.77,,8.14,2.85,1.64,1.22,1.07,1.02,,29.00,20.00,7.48,1.60,1.17,1.04,19.00,10.25,4.71,3.70,6.44,15.00,1.01,1.07,1.31,4.47,10.63,28.50
switzerland-greece-lO56NNXn,01 Sep 2021,1.80,3.48,4.85,1.97,1.80,1.07,1.36,2.14,3.84,7.65,16.27,,8.56,3.15,1.71,1.26,1.08,1.02,,18.00,6.96,3.24,1.18,1.04,,10.25,5.24,3.43,5.84,14.50,,1.08,1.29,1.96,11.30,31.50,
finland-wales-MRjBzeeU,01 Sep 2021,2.91,3.00,2.71,2.17,1.66,1.11,1.55,2.70,5.38,11.83,26.00,,6.36,2.45,1.47,1.15,1.04,1.01,,29.00,17.50,6.72,1.44,1.09,1.03,17.00,8.75,4.13,3.98,7.37,21.00,1.01,1.09,1.38,6.09,14.33,41.00
germany-latvia-bXc9m8s4,07 Jun 2021,1.02,20.98,39.64,3.07,1.38,1.01,1.03,1.13,1.36,1.82,2.66,4.41,22.33,14.00,5.77,3.14,1.99,1.47,1.21,1.56,1.23,1.05,,,,4.94,6.38,11.00,,,,3.75,7.65,18.50,,,
ukraine-cyprus-fLjcrrRp,07 Jun 2021,1.24,5.92,13.98,2.55,1.49,1.04,1.27,1.83,3.08,5.73,11.67,26.00,11.40,3.70,2.00,1.37,1.13,1.05,1.01,6.00,2.98,1.73,1.03,-,,5.30,3.78,3.57,15.50,-,,1.34,1.96,4.05,37.50,-,
serbia-jamaica-0lC10HVG,07 Jun 2021,1.53,3.95,7.13,2.01,1.75,1.06,1.31,2.00,3.44,6.57,12.70,26.00,9.70,3.41,1.83,1.31,1.11,1.03,1.01,10.63,4.87,2.48,1.10,1.03,,7.00,4.38,3.31,7.50,19.00,,1.14,1.45,2.48,16.00,41.00,
belgium-croatia-6ibMRmO5,06 Jun 2021,1.82,3.50,4.79,1.80,1.97,1.06,1.29,1.95,3.28,6.28,13.55,26.00,9.71,3.59,1.87,1.34,1.12,1.03,1.01,16.60,6.52,3.14,1.17,1.03,-,10.00,5.18,3.45,6.08,15.00,-,1.08,1.30,1.96,10.80,31.50,-
denmark-bosnia-herzegovina-jBC78GJm,06 Jun 2021,1.36,4.75,9.83,2.48,1.52,1.06,1.35,2.10,3.81,7.43,16.00,,9.10,3.20,1.75,1.26,1.08,1.02,,8.73,3.97,2.08,1.06,1.01,,6.15,3.92,3.32,9.23,26.00,,1.21,1.66,3.12,26.67,71.00,
finland-estonia-U1XtNFYt,04 Jun 2021,1.48,4.18,7.52,2.44,1.54,1.08,1.41,2.26,4.26,8.61,18.90,-,8.17,2.90,1.65,1.22,1.06,1.02,-,11.45,4.89,2.40,1.08,1.02,,7.30,4.24,3.22,7.63,21.00,,1.14,1.49,2.60,19.10,55.00,
belgium-greece-SUQ5STq1,03 Jun 2021,1.36,4.91,9.01,2.08,1.72,1.04,1.25,1.79,2.98,5.56,11.11,24.50,11.35,3.91,2.04,1.39,1.14,1.05,1.01,7.55,3.63,2.02,1.07,1.02,,6.13,4.04,3.47,8.90,23.00,,1.23,1.70,3.12,22.67,54.00,
ukraine-northern-ireland-4jYm55Yc,03 Jun 2021,1.61,3.52,6.76,2.37,1.56,1.10,1.48,2.47,4.73,9.99,18.50,,7.14,2.66,1.55,1.19,1.06,1.02,,14.20,6.08,2.80,1.10,1.02,,8.50,4.57,3.22,7.00,20.00,,1.10,1.38,2.27,17.27,55.00,
turkey-moldova-dWTzCIFO,03 Jun 2021,1.13,8.33,23.94,2.71,1.45,1.02,1.15,1.51,2.30,3.89,7.17,17.33,16.02,5.20,2.55,1.63,1.25,1.09,1.02,3.57,2.10,1.40,1.01,,,4.52,3.85,4.34,17.00,,,1.66,2.72,6.18,40.00,,
switzerland-liechtenstein-Ao21BRxs,03 Jun 2021,1.04,15.27,34.56,2.92,1.40,1.01,1.06,1.23,1.59,2.31,3.72,6.62,23.33,9.18,4.21,2.35,1.61,1.27,1.11,2.01,1.42,1.14,,,,4.37,4.83,6.76,,,,2.61,4.96,11.70,,,
france-wales-CMOcnrp8,02 Jun 2021,1.36,4.75,10.30,2.44,1.54,1.06,1.33,2.04,3.57,6.89,13.80,-,9.47,3.33,1.79,1.29,1.10,1.02,-,8.04,3.84,2.05,1.05,1.02,,6.05,3.99,3.33,10.03,26.00,,1.22,1.68,3.18,27.33,51.00,
england-austria-GStL70h6,02 Jun 2021,1.49,4.34,6.94,1.95,1.82,1.04,1.27,1.86,3.16,5.92,12.36,26.00,10.69,3.74,1.97,1.36,1.13,1.04,1.01,10.00,4.53,2.35,1.10,1.03,,7.13,4.27,3.48,7.37,19.00,,1.16,1.51,2.56,15.33,41.00,
germany-denmark-KE2gxXLf,02 Jun 2021,2.08,3.50,3.61,1.68,2.14,1.05,1.27,1.88,3.15,5.88,11.95,26.00,10.50,3.79,1.94,1.36,1.13,1.04,1.01,22.00,8.18,3.78,1.27,1.07,1.01,12.25,5.77,3.78,4.98,10.75,17.00,1.06,1.22,1.71,7.42,19.50,26.00
netherlands-scotland-viiAJjDi,02 Jun 2021,1.47,4.34,7.44,2.09,1.71,1.05,1.31,1.98,3.43,6.51,13.55,-,9.86,3.46,1.84,1.31,1.11,1.03,-,9.61,4.52,2.32,1.09,1.02,,6.57,4.31,3.32,7.57,21.00,,1.17,1.52,2.66,17.33,44.00,
switzerland-finland-tOerEJbP,31 Mar 2021,1.41,4.49,8.79,1.94,1.80,1.04,1.23,1.74,2.82,5.19,9.67,19.80,10.68,4.05,2.11,1.42,1.15,1.05,1.02,7.50,3.67,2.09,1.07,1.02,,5.93,4.19,3.50,9.00,23.00,,1.23,1.65,2.82,19.50,51.00,
sweden-estonia-AZesabMk,31 Mar 2021,1.16,7.51,17.32,2.34,1.54,1.02,1.14,1.49,2.27,3.76,6.28,12.50,16.50,4.99,2.54,1.64,1.25,1.09,1.03,4.20,2.27,1.51,1.02,,,4.94,3.90,4.10,11.90,,,1.55,2.42,5.10,30.50,,
panama-serbia-pxEGYX5G,29 Jan 2021,3.52,3.17,2.14,1.80,1.97,1.06,1.33,2.05,3.47,6.67,13.25,,7.85,3.24,1.76,1.30,1.09,1.02,,29.00,17.00,7.60,1.72,1.22,1.03,19.00,10.00,5.05,3.78,6.25,11.00,1.01,1.03,1.31,4.00,8.30,19.00
dominican-republic-serbia-G259Ukvm,25 Jan 2021,19.00,6.05,1.18,2.22,1.60,1.02,1.14,1.51,2.28,3.78,6.50,,13.50,4.88,2.41,1.61,1.24,1.10,,,,,,,,,,,,,,,,,,,
england-ireland-riAlVBjT,12 Nov 2020,1.45,4.30,7.98,2.19,1.65,1.06,1.32,1.99,3.48,6.83,14.02,26.00,9.42,3.34,1.83,1.30,1.10,1.03,1.01,10.00,4.50,2.32,1.08,-,,7.00,4.28,3.35,8.70,-,,1.16,1.55,2.73,23.50,-,
wales-usa-6NUTkaNF,12 Nov 2020,2.82,3.11,2.66,1.89,1.86,1.08,1.41,2.26,4.13,8.47,18.33,,7.45,2.85,1.64,1.22,1.07,1.02,,46.00,15.00,5.63,1.44,1.11,1.01,19.00,8.00,4.12,4.17,7.55,20.00,1.01,1.11,1.44,5.63,14.50,46.00
moldova-russia-bHZuU97i,12 Nov 2020,17.05,6.75,1.18,2.48,1.51,1.03,1.18,1.58,2.48,4.37,8.06,16.55,12.80,4.61,2.34,1.53,1.20,1.07,1.02,,,43.00,4.75,2.27,1.42,,,12.30,3.98,3.77,4.80,,,1.02,1.50,2.39,4.60
france-finland-I9lXwvCU,11 Nov 2020,1.15,7.77,19.17,2.50,1.51,1.02,1.16,1.51,2.30,3.96,7.76,16.03,16.27,5.15,2.51,1.60,1.24,1.09,1.03,3.85,2.16,1.41,1.01,,,4.60,3.92,4.35,13.90,,,1.61,2.55,5.48,48.00,,
belgium-switzerland-nFshTaf3,11 Nov 2020,2.10,3.51,3.45,1.64,2.19,1.04,1.24,1.80,2.92,5.37,10.93,23.00,11.02,3.97,2.02,1.39,1.14,1.05,1.01,23.00,8.20,3.77,1.29,1.07,,12.50,5.83,3.95,5.05,10.00,,1.05,1.21,1.69,7.15,19.00,
germany-czech-republic-vPU7bzDr,11 Nov 2020,1.51,4.57,5.79,1.54,2.42,1.02,1.13,1.44,2.09,3.51,6.20,13.07,17.50,5.74,2.76,1.73,1.29,1.11,1.04,9.00,4.00,2.25,1.13,1.02,,7.50,4.63,3.85,7.05,16.00,,1.17,1.55,2.46,11.75,34.00,
italy-estonia-EZvMLEi1,11 Nov 2020,1.09,10.39,25.27,2.35,1.56,1.02,1.08,1.30,1.76,2.74,4.63,8.82,18.67,7.64,3.44,2.02,1.43,1.18,1.08,2.75,1.73,1.25,,,,4.43,4.15,5.10,,,,1.90,3.30,7.35,,,
netherlands-spain-YTpE6bR6,11 Nov 2020,3.05,3.31,2.38,1.73,2.05,1.06,1.30,1.95,3.38,6.52,14.03,-,8.98,3.47,1.86,1.31,1.10,1.03,-,-,17.00,6.38,1.54,1.15,1.03,-,9.00,4.60,4.03,6.50,16.00,-,1.09,1.35,4.63,11.00,31.00
poland-ukraine-MgsA7vC0,11 Nov 2020,2.54,3.29,2.81,1.81,1.94,1.07,1.34,2.08,3.69,7.59,16.02,,8.72,3.21,1.75,1.27,1.09,1.02,,41.00,12.50,5.10,1.40,1.11,1.01,18.00,6.95,4.08,4.40,8.00,18.00,1.02,1.13,1.48,5.68,14.00,41.00
portugal-andorra-GGroylhs,11 Nov 2020,1.01,17.74,50.67,4.45,1.19,1.01,1.02,1.10,1.29,1.65,2.34,3.64,19.67,16.10,6.65,3.51,2.18,1.57,1.28,1.37,1.18,1.05,,,,5.40,6.20,8.00,,,,4.60,8.00,19.00,,,
slovenia-azerbaijan-pK6OEWx2,11 Nov 2020,1.51,3.94,7.22,2.40,1.54,1.08,1.42,2.29,4.21,8.63,17.23,,7.66,2.80,1.61,1.21,1.06,1.02,,13.00,5.20,2.50,1.08,,,8.00,4.30,3.25,7.20,,,1.10,1.42,2.46,20.00,,
luxembourg-austria-CUAjyfil,11 Nov 2020,9.29,4.84,1.35,1.86,1.87,1.02,1.18,1.58,2.46,4.33,8.21,17.65,13.78,4.65,2.35,1.53,1.21,1.08,1.02,,,21.50,3.12,1.78,1.24,,,9.15,3.68,4.10,5.80,,,1.05,1.89,3.18,6.75
denmark-sweden-Uk7DDTpR,11 Nov 2020,2.33,3.17,3.23,1.97,1.79,1.08,1.41,2.28,4.20,8.54,20.00,,7.16,2.82,1.63,1.21,1.06,1.02,,36.00,11.50,4.61,1.35,1.07,1.01,16.00,6.50,3.90,4.43,10.00,20.00,1.02,1.15,1.55,6.73,21.00,46.00
turkey-croatia-4MQYQlCq,11 Nov 2020,2.86,3.30,2.48,1.75,2.01,1.05,1.31,2.00,3.47,6.70,15.83,,8.69,3.38,1.83,1.29,1.10,1.02,,51.00,17.00,6.05,1.50,1.14,1.02,21.00,9.00,4.55,4.07,6.85,16.00,1.01,1.09,1.37,4.88,11.75,34.00
romania-belarus-hUVBM6Ns,11 Nov 2020,1.74,3.40,5.29,2.05,1.72,1.07,1.37,2.18,3.91,7.93,18.33,,8.15,3.00,1.68,1.24,1.07,1.02,,19.00,6.95,3.12,1.15,1.02,,10.50,5.00,3.47,6.05,17.00,,1.07,1.29,2.02,13.00,46.00,
albania-kosovo-reW711ol,11 Nov 2020,2.72,2.89,2.89,2.21,1.62,1.12,1.56,2.75,5.37,12.18,26.00,,6.07,2.35,1.44,1.14,1.02,1.01,,41.00,16.50,6.08,1.37,1.08,,18.00,7.55,4.02,4.18,8.50,,1.01,1.09,1.41,6.40,18.00,
england-wales-YuJ6LSAe,08 Oct 2020,1.46,4.17,8.24,2.50,1.50,1.07,1.42,2.32,4.25,8.45,14.57,-,7.83,2.80,1.62,1.21,1.06,1.02,-,12.00,4.80,2.40,1.07,,,7.50,4.22,3.20,8.65,,,1.13,1.53,2.77,27.00,,
belgium-ivory-coast-Iq5kfbj4,08 Oct 2020,1.71,4.06,4.39,1.55,2.36,1.02,1.16,1.54,2.33,3.96,7.27,16.20,14.51,4.94,2.45,1.58,1.23,1.08,1.02,13.00,5.40,2.75,1.19,1.04,,9.00,5.03,3.82,6.30,11.50,,1.10,1.40,2.11,10.00,24.50,
russia-sweden-xWAPPVVO,08 Oct 2020,1.97,3.48,3.92,1.88,1.86,1.06,1.35,2.10,3.67,7.18,14.98,,8.04,3.14,1.74,1.27,1.08,1.02,,21.00,8.25,3.57,1.23,1.05,,11.50,5.58,3.65,5.40,10.95,,1.06,1.25,1.81,9.45,27.00,
france-ukraine-CAGnsQCn,07 Oct 2020,1.29,5.53,10.73,2.11,1.68,1.02,1.20,1.63,2.59,4.56,8.62,19.34,13.45,4.46,2.27,1.49,1.19,1.07,1.02,5.75,2.98,1.74,1.05,,,5.50,4.00,3.90,10.60,,,1.33,1.92,3.75,28.50,,
germany-turkey-CxyjRTGP,07 Oct 2020,1.33,5.21,9.76,1.93,1.82,1.02,1.19,1.60,2.46,4.35,8.02,17.27,13.71,4.55,2.36,1.53,1.20,1.07,1.02,6.50,3.15,1.86,1.05,,,5.80,4.10,3.77,10.00,,,1.28,1.84,3.32,25.50,,
italy-moldova-W67NvhQC,07 Oct 2020,1.04,13.72,41.33,3.13,1.34,1.01,1.07,1.25,1.64,2.41,3.91,6.75,23.00,8.48,3.81,2.22,1.54,1.24,1.10,2.04,1.43,1.15,,,,4.40,4.70,6.65,,,,2.49,4.65,10.90,,,
austria-greece-C2pA2eIJ,07 Oct 2020,1.88,3.48,4.25,1.90,1.83,1.07,1.34,2.07,3.67,7.23,14.00,,8.44,3.17,1.75,1.27,1.08,1.02,,21.00,7.40,3.40,1.20,1.04,,11.00,5.40,3.62,5.70,11.50,,1.06,1.28,1.88,10.75,29.50,
cyprus-czech-republic-2a7vG2rG,07 Oct 2020,10.11,5.06,1.31,2.16,1.64,1.04,1.22,1.72,2.80,4.99,9.40,22.00,11.22,4.04,2.08,1.41,1.15,1.05,1.01,,-,26.50,3.32,1.80,1.22,,-,9.40,3.47,3.95,6.00,,-,1.04,1.88,3.20,7.00
denmark-faroe-islands-4tDOEqkg,07 Oct 2020,1.11,8.99,24.97,2.62,1.45,1.02,1.13,1.44,2.12,3.51,6.15,12.65,18.25,5.46,2.70,1.70,1.28,1.10,1.04,3.26,2.02,1.37,1.01,,,4.55,3.95,4.50,8.80,,,1.72,2.71,6.00,35.00,,
armenia-albania-b9TyJ8Rs,07 Oct 2020,3.77,3.20,2.14,1.93,1.89,-,1.38,2.19,3.97,10.00,21.00,,-,2.94,1.69,1.25,1.06,1.01,,,,-,-,-,,,,-,-,-,,,,-,-,-,
sweden-kosovo-O2g0lTTR,12 Jan 2020,1.43,4.31,7.05,1.91,1.80,1.03,1.24,1.78,2.97,5.33,10.08,23.00,10.38,3.78,2.02,1.37,1.13,1.04,1.01,-,4.05,2.20,-,,,-,4.13,3.53,-,,,-,1.51,2.54,-,,
sweden-moldova-Uufdk9EL,09 Jan 2020,1.18,6.36,16.21,2.53,1.48,1.03,1.20,1.67,2.67,4.85,9.35,21.00,13.75,4.31,2.19,1.45,1.16,1.05,1.02,-,2.50,-,-,,,-,3.75,-,-,,,-,2.20,-,-,,
croatia-georgia-trQB66as,19 Nov 2019,1.41,4.43,8.12,1.92,1.81,1.04,1.24,1.74,2.85,5.27,9.53,21.00,10.50,3.89,2.07,1.41,1.14,1.05,1.01,-,3.77,2.17,-,,,-,4.07,3.39,-,,,-,1.57,2.66,-,,
hungary-uruguay-zF8SBJKq,15 Nov 2019,5.36,3.52,1.72,2.14,1.66,1.08,1.43,2.30,4.22,8.71,15.74,,7.38,2.79,1.61,1.21,1.06,1.01,,,-,13.25,2.13,1.33,-,,-,5.47,3.34,4.43,-,,-,1.12,2.83,5.82,-
ukraine-estonia-KfYfrtGr,14 Nov 2019,1.23,5.86,12.27,2.20,1.63,1.04,1.20,1.64,2.68,4.74,9.01,16.62,11.72,4.27,2.22,1.47,1.17,1.06,1.01,-,2.87,-,-,,,-,4.00,-,-,,,-,1.95,-,-,,
denmark-luxembourg-p2sTnM7R,15 Oct 2019,1.22,5.70,13.52,2.39,1.56,1.03,1.22,1.71,2.71,4.87,9.97,20.00,10.28,3.99,2.12,1.43,1.16,1.05,1.02,-,2.74,1.66,-,,,-,3.86,3.64,-,,,-,1.98,3.66,-,,
czech-republic-northern-ireland-lho5aEps,14 Oct 2019,1.76,3.49,5.02,1.95,1.78,1.06,1.35,2.10,3.77,7.52,14.44,,8.63,3.20,1.72,1.26,1.08,1.02,,-,5.92,2.99,1.15,-,,-,4.59,3.46,5.32,-,,-,1.31,1.98,11.10,-,
slovakia-paraguay-GlO7o5NE,13 Oct 2019,2.84,3.03,2.67,2.07,1.71,1.10,1.51,2.51,4.65,9.86,20.50,,6.56,2.53,1.50,1.17,1.04,1.02,,,14.77,5.44,1.46,1.09,,,6.48,3.87,3.80,6.21,,,1.08,1.45,5.52,13.32,
serbia-paraguay-KpHAH7A7,10 Oct 2019,1.75,3.66,4.72,1.91,1.81,1.06,1.31,2.04,3.63,7.17,13.65,,9.41,3.35,1.77,1.28,1.09,1.02,,16.00,6.29,2.99,1.15,1.02,,9.50,4.86,3.47,5.77,7.82,,1.07,1.29,1.98,11.25,22.18,
germany-argentina-MFMhqoit,09 Oct 2019,1.79,3.88,4.35,1.63,2.24,1.03,1.20,1.67,2.65,4.88,9.46,20.67,14.09,4.49,2.21,1.47,1.17,1.06,1.01,14.00,5.79,2.90,1.19,1.05,,9.50,5.03,3.75,5.70,10.12,,1.10,1.33,1.97,8.96,21.20,
ukraine-nigeria-2io88J3T,10 Sep 2019,1.73,3.57,5.08,2.17,1.64,1.08,1.42,2.30,4.41,9.16,16.38,,7.54,2.79,1.60,1.21,1.06,1.01,,-,6.25,3.02,1.14,-,,-,4.54,3.34,5.29,-,,-,1.30,2.04,12.26,-,
wales-belarus-nJRJypjr,09 Sep 2019,1.75,3.59,4.90,2.01,1.73,1.07,1.37,2.15,3.85,7.69,15.14,,8.42,3.03,1.69,1.25,1.08,1.02,,-,5.93,2.94,-,-,,-,4.57,3.49,-,-,,-,1.31,1.99,-,-,
montenegro-hungary-fLrl7Iis,05 Sep 2019,2.89,3.11,2.55,1.89,1.84,1.07,1.39,2.24,4.06,8.30,16.64,,7.43,2.85,1.63,1.21,1.06,1.01,,-,15.22,6.08,1.46,1.11,1.01,-,7.72,4.28,3.96,6.78,18.00,-,1.09,1.35,5.15,12.84,41.00
south-korea-georgia-tAxl2ezf,05 Sep 2019,1.88,3.40,4.31,2.09,1.68,1.08,1.41,2.31,4.39,9.32,16.34,-,7.67,2.81,1.60,1.20,1.06,1.01,-,21.00,7.48,3.37,1.15,1.01,,11.00,5.10,3.51,5.56,15.00,,1.05,1.23,1.84,11.46,41.00,
croatia-tunisia-4MYqBniQ,11 Jun 2019,1.78,3.48,4.85,1.89,1.84,1.07,1.34,2.09,3.56,6.91,14.81,,7.74,3.13,1.72,1.27,1.08,1.02,,-,-,3.06,-,-,,-,-,3.58,-,-,,-,-,2.03,-,-,
slovakia-jordan-ChqTOlhP,07 Jun 2019,1.58,3.71,6.34,2.09,1.69,1.07,1.34,2.09,3.70,7.25,14.83,-,8.00,3.13,1.71,1.25,1.08,1.02,-,12.50,5.40,2.60,1.08,,,8.00,4.53,3.39,8.00,,,1.10,1.40,2.35,19.00,,
france-bolivia-rsJZmeiJ,02 Jun 2019,1.07,10.77,31.51,2.93,1.39,1.01,1.10,1.36,1.93,3.08,5.18,11.33,17.67,6.29,3.06,1.85,1.35,1.14,1.05,2.63,1.68,1.24,,,,4.31,4.24,5.50,,,,2.04,3.67,8.59,,,
turkey-uzbekistan-QX46jAFf,02 Jun 2019,1.41,4.37,8.35,2.23,1.62,1.05,1.28,1.91,3.28,6.04,12.90,26.00,9.25,3.44,1.87,1.31,1.11,1.02,1.01,8.00,3.95,2.12,1.05,,,6.25,4.07,3.39,10.50,,,1.19,1.62,2.94,26.00,,
turkey-greece-r9F1ij0l,30 May 2019,1.87,3.26,4.69,2.32,1.57,1.10,1.51,2.59,4.86,10.52,21.33,,6.38,2.52,1.48,1.16,1.04,1.01,,20.00,8.09,3.48,1.15,1.01,,10.50,5.18,3.37,5.88,17.00,,1.05,1.25,1.93,13.59,46.00,
czech-republic-brazil-ENdGLQVb,26 Mar 2019,9.03,4.71,1.35,2.00,1.75,1.04,1.23,1.74,2.78,5.20,9.88,19.50,10.61,4.01,2.06,1.41,1.15,1.05,1.02,,,-,3.11,1.71,-,,,-,3.51,4.07,-,,,-,2.05,3.56,-
